Máximo,Média Absoluta,Pico-a-pico,Assimetria da Energia,Kurtose da Energia,Desvio Padrão,RMS
0.4239822410305371,0.1030375620759549,0.8596656665467594,4.897325901078672,67.71182071450023,0.1288280051025977,0.1288280051025977
0.4239970465772029,0.1030407137184688,0.859694289910713,4.897472028573549,67.71380386323843,0.1288319438001328,0.1288319438001328
0.4240397576085699,0.1030499257043691,0.8597767688512578,4.897895912232583,67.71942842465879,0.1288434598374908,0.1288434598374908
0.4241242501848692,0.1030682775142325,0.8599398439446857,4.898703158577339,67.72970976056851,0.1288663971688623,0.1288663971688623
0.4242623826692266,0.1030985725769285,0.860209099892084,4.8999868535217495,67.74543577741314,0.12890425436012,0.12890425436012
0.4244680917519858,0.1031437623085351,0.8606117922747184,4.901875975015824,67.7682666268448,0.1289607004893646,0.1289607004893646
0.4247400694122026,0.1032031429661111,0.8611454964897,4.904404570918049,67.79962661199144,0.1290348324729589,0.1290348324729589
0.4250796147166583,0.1032773295908454,0.8618126580473788,4.907720607636647,67.8453177500424,0.1291273454332238,0.1291273454332238
0.4254849682477964,0.1033658656499838,0.8626114363078623,4.911750489440817,67.90359069460858,0.129237705845304,0.129237705845304
0.4259581880205026,0.1034689240051414,0.8635475517626354,4.916547826181873,67.97677917898648,0.1293661369238652,0.1293661369238652
0.4264989090409099,0.1035865133868831,0.8646194501273062,4.922223738377539,68.06960860165195,0.1295126497857776,0.1295126497857776
0.4271041246127263,0.1037186038701817,0.8658235564710667,4.928796269568689,68.18281212509378,0.1296772003412173,0.1296772003412173
0.4277718955845096,0.103865012711129,0.8671594481451771,4.936222464374766,68.31536235823722,0.1298595596792847,0.1298595596792847
0.4284995295430076,0.1040252623314615,0.8686232334496367,4.944516641719906,68.46766311241115,0.1300591240411867,0.1300591240411867
0.4292853983505134,0.1041990574085239,0.8702109162363557,4.9536884805481565,68.64005803154593,0.130275516863419,0.130275516863419
0.4301250602035117,0.1043858143392375,0.8719150218226448,4.963701458832415,68.83172634927207,0.1305080195761011,0.1305080195761011
0.4310197099377587,0.1045857916294245,0.8737368632054779,4.9744754870630095,69.0401461133048,0.1307569332816566,0.1307569332816566
0.4319659454771862,0.1047976630389404,0.8756667920224932,4.985822462859732,69.25868257758546,0.1310206078350721,0.1310206078350721
0.4329652974775681,0.1050221208083634,0.8777086548940213,4.9979508012893445,69.4953369137343,0.1312999018071516,0.1312999018071516
0.4340133920760853,0.1052584268019556,0.8798542899606245,5.010726371233111,69.74581167364519,0.1315938820718468,0.1315938820718468
0.435106935089964,0.1055059040776367,0.8820958866072817,5.023977333164615,70.00404247320355,0.1319016756170523,0.1319016756170523
0.4362462735649443,0.1057641870384161,0.8844335385067507,5.037671757791017,70.26919458839096,0.1322228144481811,0.1322228144481811
0.4374314824375126,0.1060329217282124,0.8868639264412785,5.051805492843605,70.54130326740523,0.132556841918999,0.132556841918999
0.4386603756693446,0.1063118042106406,0.8893833380665351,5.066378564404025,70.8208552285142,0.1329033626241874,0.1329033626241874
0.4399321820026643,0.1066008983712994,0.8919900366584907,5.0814209158530375,71.1085537133534,0.1332624292430768,0.1332624292430768
0.4412471321771512,0.1069000253815214,0.8946825330924172,5.096912101827703,71.40396403200182,0.1336338092336565,0.1336338092336565
0.4426058477667279,0.1072089598534546,0.897461332040115,5.112847583255356,71.70710170549592,0.1340172536848345,0.1340172536848345
0.4440070933784298,0.1075278083368615,0.900328851070415,5.12923251102668,72.01816079390194,0.1344129108053137,0.1344129108053137
0.445447281198092,0.1078555501591105,0.90327806057468,5.145843971827057,72.32889567034688,0.1348194907463615,0.1348194907463615
0.4469277867105903,0.1081921097644482,0.90631175004478,5.162664587120463,72.63901947188761,0.1352369209633085,0.1352369209633085
0.4484487716822364,0.1085374773205857,0.9094307749833688,5.179707085950644,72.94901045221576,0.1356651996479008,0.1356651996479008
0.4500075538473488,0.1088910444164029,0.9126311512062408,5.196898000107941,73.25709262486862,0.1361036085887365,0.1361036085887365
0.4516036358434684,0.1092528318463203,0.915911960351972,5.214245995986843,73.563444846864,0.1365521592951923,0.1365521592951923
0.4532376082781031,0.1096227661405065,0.9192720709794564,5.2317315452407245,73.86748464699939,0.1370107661470004,0.1370107661470004
0.4549092608681198,0.1100003758652143,0.9227096339209706,5.249262745054244,74.16725667205242,0.137478883012764,0.137478883012764
0.4566169417107903,0.1103854308593979,0.9262249990795915,5.266822881366783,74.46254871195069,0.1379562317327896,0.1379562317327896
0.4583551233419632,0.1107774379835618,0.929809486909442,5.284429871329382,74.75417629738047,0.138442200582705,0.138442200582705
0.4601230492016855,0.1111762112509241,0.9334571260340344,5.302095016847526,75.04281954317713,0.1389365576516282,0.1389365576516282
0.461921319646205,0.1115818228731839,0.9371673854610648,5.319862226450176,75.32970812125565,0.1394393870080865,0.1394393870080865
0.4637482407469371,0.1119943965582791,0.940935077265336,5.337792980543508,75.61672361539374,0.1399508370789224,0.1399508370789224
0.4656041791694405,0.1124138760191319,0.9447570975217836,5.355966823252426,75.90681941198531,0.1404708250309674,0.1404708250309674
0.4674902195335735,0.1128404716778786,0.948633723819524,5.3745347162820405,76.20590664537147,0.1409996285162716,0.1409996285162716
0.4694043705500446,0.1132740048966423,0.9525630976643042,5.393497093011231,76.51415135142778,0.1415370553507365,0.1415370553507365
0.4713473557997466,0.1137142235018683,0.9565452113848284,5.4128265754485785,76.83072502501099,0.1420828340853681,0.1420828340853681
0.4733188158437468,0.1141612098832431,0.9605798219401273,5.4325412560226445,77.15589590527802,0.1426370357677306,0.1426370357677306
0.4753172223237268,0.1146149710039571,0.964664450544974,5.452626718537051,77.48935837658634,0.1431996552070959,0.1431996552070959
0.4773435125781189,0.1150754920447693,0.9688007769879536,5.473084459237642,77.83118274421054,0.1437706740482967,0.1437706740482967
0.4793949703048156,0.1155422783121007,0.9729854919619446,5.493873256685338,78.18026381054328,0.1443495175964214,0.1443495175964214
0.4814680965835544,0.1160146834467456,0.9772126366455852,5.514945833954897,78.53544573104867,0.1449353998900333,0.1449353998900333
0.4835611473583374,0.1164921202910918,0.9814811980290298,5.5362951326585135,78.89685705346587,0.1455276215842339,0.1455276215842339
0.4856724934591339,0.1169741303655571,0.985791376622978,5.557800510377387,79.26077822395914,0.1461256151198197,0.1461256151198197
0.4878009255194243,0.1174606888938428,0.9901419686505284,5.5793888979847965,79.62377844972097,0.1467293113935363,0.1467293113935363
0.489946214558782,0.117951722580411,0.994531987413171,5.601023970073543,79.98503585762052,0.1473386031639877,0.1473386031639877
0.4921066247529018,0.1184473880920655,0.9989626676837668,5.62275259110395,80.34581033234961,0.1479536590566597,0.1479536590566597
0.4942808653569933,0.1189474721100895,1.0034327404894865,5.644620836946638,80.70754118467103,0.1485742640613278,0.1485742640613278
0.4964694882694941,0.1194518407738492,1.0079408593206034,5.666709640047516,81.07260935500301,0.1492002944119808,0.1492002944119808
0.4986700611313387,0.1199602269173339,1.0124827339599944,5.68896541508466,81.4398440354719,0.1498313921685466,0.1498313921685466
0.5008837835638511,0.1204725004854274,1.017059574946203,5.711362472736705,81.8085456117518,0.1504674115506184,0.1504674115506184
0.5031110197615313,0.1209884657565743,1.021671278591894,5.733868532464814,82.17804148861336,0.1511080961050672,0.1511080961050672
0.5053501329419928,0.1215077851529222,1.0263138449210971,5.756422475780974,82.54642509791377,0.1517529835569844,0.1517529835569844
0.507599462230427,0.1220304113037002,1.030984932404783,5.779053915883058,82.91447212941668,0.1524020322147795,0.1524020322147795
0.5098555371394169,0.1225557545423384,1.0356773171425315,5.801687869218156,83.27988215593567,0.1530544874136184,0.1530544874136184
0.5121212697427392,0.1230835489818056,1.0403937948426802,5.824449859426675,83.64776528168191,0.1537100643264478,0.1537100643264478
0.5143960150565193,0.1236137806602486,1.045130516257471,5.847369500024539,84.01992515283017,0.1543687372686195,0.1543687372686195
0.5166826295473589,0.1241461605448565,1.049890818293834,5.870369668484797,84.39435546304047,0.1550301319532364,0.1550301319532364
0.5189813879214243,0.1246808328436809,1.054674461305873,5.893406622859311,84.76964797884146,0.1556943903377088,0.1556943903377088
0.5212937779392757,0.1252178036604806,1.0594833176687586,5.916576240156417,85.14865993041576,0.1563615245710955,0.1563615245710955
0.523621497013146,0.1257576742212454,1.0643211961266,5.939932011662953,85.53282550777718,0.1570322196749454,0.1570322196749454
0.5259646993008509,0.1263012229579288,1.06919055189235,5.963535516563452,85.92372074546104,0.1577073786732581,0.1577073786732581
0.5283210802432892,0.1268482397845119,1.0740880134087398,5.987376835477011,86.32102664259398,0.158386760863246,0.158386760863246
0.5306900682630264,0.1273982213926063,1.079010716223936,6.011395792123249,86.72331366790723,0.1590697557111103,0.1590697557111103
0.5330734818583575,0.1279515887360799,1.0839609015554414,6.035722849318993,87.13506769783694,0.1597568587356757,0.1597568587356757
0.5354673107281471,0.1285081031918377,1.088932254513694,6.060240495443055,87.55167788413128,0.1604477364796637,0.1604477364796637
0.5378694164898229,0.1290670522872161,1.093918990836363,6.084847596875733,87.96980538379908,0.1611415103619013,0.1611415103619013
0.5402745584012546,0.1296284351894022,1.0989138677001569,6.109708069135477,88.3956943796701,0.1618381878973669,0.1618381878973669
0.5426812904245059,0.1301916170572317,1.1039138696353274,6.134777607975662,88.82827987627765,0.1625369980062098,0.1625369980062098
0.5450875102514089,0.1307565626113384,1.1089179179047577,6.159936527096804,89.26396518901184,0.1632379253689251,0.1632379253689251
0.5474903085443535,0.1313226730670411,1.1139210773234445,6.185198549129642,89.70370772075763,0.1639402358418934,0.1639402358418934
0.5498898732734813,0.1318894774001992,1.118920898184678,6.210556920784927,90.14733603446322,0.1646434117129579,0.1646434117129579
0.5522907492617878,0.1324571653090748,1.1239217778939958,6.23607542451346,90.59683303181428,0.165347654097184,0.165347654097184
0.554691669175897,0.1330256260142863,1.128920604467122,6.26179005517358,91.05302405571618,0.1660527906286936,0.1660527906286936
0.5570932487071377,0.1335943809826378,1.1339160703569582,6.287627476583326,91.51352408422792,0.1667582358777118,0.1667582358777118
0.5594927558022876,0.134163209935152,1.1389030950936825,6.313555881655969,91.97726580220794,0.1674636976758184,0.1674636976758184
0.5618903679501882,0.1347322700151507,1.143884407942673,6.339721609914983,92.44973455306612,0.1681693913097382,0.1681693913097382
0.5642870175412156,0.1353016100007918,1.1488613788847044,6.365967656395398,92.92474617497687,0.1688753372360931,0.1688753372360931
0.5666866369084723,0.135871537249184,1.1538381511316271,6.392322162554301,93.40293339395046,0.1695819071311623,0.1695819071311623
0.5690930627345002,0.1364426804687181,1.1588176173117737,6.4189749538171945,93.89164823395008,0.1702898417716438,0.1702898417716438
0.5715083434094654,0.137014883907112,1.1638005367138182,6.44583376390313,94.3878517677786,0.1709989520392385,0.1709989520392385
0.5739323951725529,0.1375878117329834,1.1687859797992506,6.47290311307753,94.89182427145184,0.1717088208172645,0.1717088208172645
0.5763627166090683,0.1381614106250525,1.1737718181363632,6.500136250078575,95.4021135623736,0.1724193989185046,0.1724193989185046
0.5788025551733129,0.1387361493982258,1.1787640239227093,6.527508281520756,95.91801511947531,0.1731312846482562,0.1731312846482562
0.581250860531899,0.1393118743223131,1.1837608821261654,6.554969491032902,96.43769442928196,0.1738442958022151,0.1738442958022151
0.5837105991141092,0.139888663003718,1.1887661394948448,6.582524448920744,96.96116752206824,0.1745585507839101,0.1745585507839101
0.5861833144733762,0.1404667720771183,1.1937825949779906,6.610017384569352,97.48266810521064,0.1752743771827617,0.1752743771827617
0.588668856987935,0.141045999005693,1.198808393425461,6.63749315260891,98.00341737059942,0.1759915401888487,0.1759915401888487
0.5911613396395681,0.1416258796965465,1.2038344981733036,6.664939484745419,98.52318079339268,0.1767094363539899,0.1767094363539899
0.5936610894041047,0.1422058980501214,1.208861890628699,6.6922083406338775,99.03557777208476,0.1774274943840155,0.1774274943840155
0.5961665251210889,0.1427862016678204,1.2138902036053856,6.719301621786856,99.5407386062974,0.1781459036722055,0.1781459036722055
0.598677268765945,0.1433670204491064,1.218920017298816,6.746202941272323,100.03805294248905,0.178864925291114,0.178864925291114
0.6011935179937319,0.1439483720234923,1.2239519429204595,6.772902190845786,100.52722893153148,0.1795846525622703,0.1795846525622703
0.6037132743724157,0.1445299761856263,1.22898399573837,6.799391487015822,101.0081252543978,0.1803047153912476,0.1803047153912476
0.6062367337113552,0.1451120264351815,1.234017372064936,6.8256323351612895,101.47987651804831,0.1810253601897189,0.1810253601897189
0.6087655173136706,0.1456959040826282,1.2390591146059815,6.851713183419773,101.94531877172098,0.1817481788230484,0.1817481788230484
0.6112973586722591,0.146281215893582,1.244105354738622,6.877631031700006,102.40430757819038,0.1824726569210801,0.1824726569210801
0.613830904713063,0.1468677815880734,1.2491534057774976,6.903357427045476,102.85627308587168,0.1831985770737988,0.1831985770737988
0.6163679055921236,0.1474561256328005,1.254208783146942,6.928955220906106,103.30303550998198,0.1839266049064653,0.1839266049064653
0.6189041089957472,0.148045773917311,1.2592634568506935,6.954399954949996,103.74406368040712,0.1846561319911361,0.1846561319911361
0.6214388544851404,0.1486364198723681,1.2643138237875984,6.979727302431565,104.18067834976765,0.185386800764855,0.185386800764855
0.6239733178833126,0.1492279702404963,1.269363336044996,7.004908143528026,104.6121409451338,0.1861184944796346,0.1861184944796346
0.6265094408938633,0.149820518202797,1.274415120062851,7.030071594025494,105.0438951885294,0.1868512953694746,0.1868512953694746
0.6290477102538674,0.1504140941035822,1.2794685291632284,7.055475628553565,105.48772495192708,0.1875852780338488,0.1875852780338488
0.6315887585667754,0.1510092998868969,1.284525187609877,7.081159210059307,105.94430286212148,0.1883211655046582,0.1883211655046582
0.6341304937116204,0.1516044844871898,1.2895779864481556,7.107038836265738,106.41107872964685,0.1890570578179175,0.1890570578179175
0.6366726302978516,0.1521995186166235,1.2946261403415569,7.133183305804932,106.88999926555248,0.189792830537123,0.189792830537123
0.639217560641755,0.152794900905684,1.2996756847844844,7.159631757260425,107.381965021085,0.1905290907570412,0.1905290907570412
0.6417637370775392,0.1533899983480158,1.304723264672206,7.186296472609845,107.88454085488368,0.1912650812393891,0.1912650812393891
0.6443137931931872,0.1539847660385205,1.3097731762438176,7.213161681501,108.39716890716446,0.1920007597117116,0.1920007597117116
0.6468706512254446,0.1545793189631559,1.3148294917369483,7.240239984321189,108.91990764105049,0.1927362927445537,0.1927362927445537
0.6494331406815513,0.1551731078378455,1.3198873220797438,7.267524252038687,109.45268480428098,0.1934710245873499,0.1934710245873499
0.6519999737617638,0.1557661378100555,1.3249454141033823,7.2949337815735165,109.99152158991023,0.1942049275826251,0.1942049275826251
0.6545685199973872,0.1563576140283258,1.329999910990618,7.322223690134774,110.52489229460514,0.1949370202671186,0.1949370202671186
0.6571372448047066,0.1569467742434837,1.3350523605505995,7.349397786332267,111.05320905971833,0.1956663876072675,0.1956663876072675
0.6597030573910868,0.1575335308893817,1.3400980232519086,7.376454176795994,111.57641614236816,0.1963928655912121,0.1963928655912121
0.6622678934808917,0.1581179545719611,1.3451398857757864,7.403340359588944,112.09294623476276,0.1971164985436183,0.1971164985436183
0.6648333146678327,0.1586996333085882,1.350177528308943,7.430070663530753,112.60383399448308,0.1978367819458255,0.1978367819458255
0.6673997596994156,0.1592787430047114,1.3552100234692328,7.456665045216818,113.10958083515168,0.1985538858335507,0.1985538858335507
0.6699642613201552,0.1598560991406062,1.3602350783426629,7.48331922015266,113.61789048584932,0.1992686693105336,0.1992686693105336
0.6725228183107297,0.1604317666612997,1.3652492605879163,7.510069980968624,114.12995949730036,0.1999811684066985,0.1999811684066985
0.6750771462664917,0.161005973582342,1.3702564879589114,7.536892848283893,114.64494927425272,0.2006916908278577,0.2006916908278577
0.6776281198660086,0.1615782617215088,1.3752537056417369,7.563742885578309,115.16150429508382,0.2013996583153,0.2013996583153
0.6801767954275192,0.1621486227149468,1.3802388704078674,7.590596700363892,115.67909637053212,0.2021050417332128,0.2021050417332128
0.6827250185967707,0.1627170734409362,1.3852128559723142,7.617523419708492,116.19988962134433,0.2028079302505881,0.2028079302505881
0.6852738908822354,0.1632843903658364,1.3901800806332518,7.64466305570398,116.72929831734676,0.2035092327831293,0.2035092327831293
0.6878221466019765,0.1638505999441306,1.3951370979425406,7.672003388671073,117.26714466332623,0.2042089662182522,0.2042089662182522
0.6903656553112341,0.1644152947868004,1.4000774492670305,7.699481131092225,117.8112150829852,0.2049066383673661,0.2049066383673661
0.6929029134053473,0.1649782255425412,1.40500011559711,7.727118582660113,118.36272574400012,0.2056019699759513,0.2056019699759513
0.6954322827100452,0.1655383254576402,1.4098993763466945,7.754704275960734,118.91364936067691,0.2062937695654913,0.2062937695654913
0.6979532061114624,0.1660950946562422,1.4147718841428327,7.782120491687265,119.46068788954535,0.2069814168030648,0.2069814168030648
0.700461477942265,0.1666481784799237,1.4196110885098965,7.809425976500763,120.00612118087874,0.2076644425089228,0.2076644425089228
0.7029526767516108,0.1671972664895283,1.4244122576229363,7.8366181076732735,120.5497910108274,0.2083424646324549,0.2083424646324549
0.7054247154356762,0.1677424484423881,1.4291732609890109,7.8637276694492915,121.0927764693694,0.2090156036236561,0.2090156036236561
0.7078745091227326,0.1682832143707138,1.4338848288643788,7.890648597880265,121.6318868281589,0.2096831573113083,0.2096831573113083
0.7103033170986316,0.1688196664302842,1.438548052308812,7.917341653921931,122.16555323435269,0.2103452503030224,0.2103452503030224
0.7127139897085903,0.169352521328126,1.443168081393628,7.944010613539379,122.70260204638188,0.2110027286150878,0.2110027286150878
0.7151073688213693,0.1698820345398837,1.4477483112699767,7.970733757429866,123.2463767480846,0.2116559413141799,0.2116559413141799
0.7174842941966648,0.1704081670450385,1.4522903160628735,7.997496092329328,123.79581094099754,0.2123048393517555,0.2123048393517555
0.7198446040961547,0.1709309788602849,1.4567948598610831,8.024360069079712,124.35258106222344,0.2129494855577091,0.2129494855577091
0.7221917855724629,0.171450713452386,1.461266174666923,8.05137433268893,124.91768406908608,0.2135901903611531,0.2135901903611531
0.724527043544998,0.1719675471818722,1.4657040722896677,8.078461041540146,125.48838628887326,0.2142271499909619,0.2142271499909619
0.7268510079357281,0.1724821182314959,1.4701119741509974,8.105676789885376,126.06625535484687,0.2148611663553364,0.2148611663553364
0.7291670621176207,0.1729953553558012,1.4744983455498004,8.133140604170473,126.65521661253744,0.2154933703658187,0.2154933703658187
0.7314744198663692,0.1735080878250245,1.4788664894203185,8.160944820256141,127.25792157961534,0.2161247618027925,0.2161247618027925
0.7337689126696917,0.1740195312181214,1.4832089945286655,8.188962204895187,127.8698339071224,0.2167544336980552,0.2167544336980552
0.7360458543492128,0.1745289133292103,1.487519868292512,8.216990803254058,128.48187398556828,0.217381474902171,0.217381474902171
0.7383052943212803,0.1750362186038865,1.491796774516413,8.245043850725752,129.0933809117539,0.2180058495784188,0.2180058495784188
0.7405485003665319,0.1755413485500649,1.4960433578357475,8.27308756909211,129.70328007550796,0.2186275058264528,0.2186275058264528
0.7427770230340452,0.176044366955363,1.500263549499239,8.30118358289962,130.31455658312908,0.2192465683248974,0.2192465683248974
0.7449893247898125,0.1765455133259199,1.504456946585955,8.3293097391485,130.92658277591838,0.2198633345489477,0.2198633345489477
0.7471851243218449,0.1770444911540735,1.5086243257231933,8.357464019644379,131.53930245843446,0.2204774849532987,0.2204774849532987
0.7493643061589647,0.1775408114222403,1.5127636587426396,8.385572565187168,132.1506171779284,0.2210884145210174,0.2210884145210174
0.7515261678338175,0.1780336874916659,1.5168729871619795,8.41349155286494,132.75568620309704,0.221695183271463,0.221695183271463
0.7536723407146376,0.1785227844913903,1.5209526452463609,8.441217103070855,133.35459279853762,0.222297393591033,0.222297393591033
0.7558086830510355,0.179009670914584,1.5250173041138184,8.46885598331622,133.95016510030217,0.2228968861325069,0.2228968861325069
0.7579356002734402,0.1794939959696803,1.5290643710077247,8.496394176586664,134.54217599028365,0.2234932639625259,0.2234932639625259
0.7600500908243901,0.1799752834894261,1.5330895291657165,8.52371542579511,135.12740477017007,0.2240859364098984,0.2240859364098984
0.7621520483809887,0.1804534701063881,1.537088885026237,8.550790597301122,135.70544753541,0.2246747551120104,0.2246747551120104
0.7642416173356127,0.1809289226581895,1.5410623066846092,8.57771630093617,136.28067498382376,0.2252600906105119,0.2252600906105119
0.7663158571432745,0.1814011058761201,1.5450059778575058,8.604524268020052,136.85443011500053,0.2258412850605596,0.2258412850605596
0.7683748470739504,0.1818699255602098,1.5489188038240829,8.63126901309956,137.42814308079883,0.2264182320624974,0.2264182320624974
0.7704184000454879,0.1823355584666922,1.5528015219182372,8.658081163899965,138.0067121226545,0.2269911689014686,0.2269911689014686
0.7724462753338296,0.1827988302792092,1.5566551633185228,8.685082497131104,138.59409022784573,0.227561075544067,0.227561075544067
0.7744565817660575,0.1832591637409469,1.5604769542950412,8.712164191082643,139.186771507077,0.2281273025553647,0.2281273025553647
0.7764455873365177,0.1837151559962589,1.564255996071987,8.739278305281957,139.78341183862673,0.2286882527247528,0.2286882527247528
0.7784120477826265,0.1841668444648448,1.567992529822996,8.76637240301904,140.38272898677153,0.2292439631152826,0.2292439631152826
0.7803607308128605,0.184614932938667,1.5716942087929782,8.793605868464127,140.99052793749482,0.229795303611847,0.229795303611847
0.7822904725558207,0.1850596070074053,1.575360835405568,8.82105250697661,141.60893719645728,0.2303425117184078,0.2303425117184078
0.7841991669572261,0.18550031143554,1.5789885006113629,8.848479923118115,142.22844340258823,0.2308849174951895,0.2308849174951895
0.7860892923991187,0.1859371284146486,1.5825798516391154,8.87584350320676,142.8474252799721,0.2314225920322656,0.2314225920322656
0.7879605552341182,0.1863705716849777,1.5861348819457703,8.903226535714664,143.46947988831755,0.231956115536197,0.231956115536197
0.7898152485389672,0.1868006878142671,1.5896556149092935,8.930529510426439,144.09102228900073,0.2324855620171209,0.2324855620171209
0.7916506084686455,0.1872263441035964,1.593134754192112,8.957618835163066,144.7077258963948,0.2330095514486816,0.2330095514486816
0.793467999756808,0.1876482406320444,1.5965754527300862,8.984714985034552,145.3280145773053,0.2335288950900529,0.2335288950900529
0.7952700867059541,0.1880664178695603,1.5999799745084,9.011964795303491,145.95852179176995,0.2340436299252839,0.2340436299252839
0.7970594329231024,0.1884810559711507,1.6033536596212823,9.039533239473716,146.60474290999178,0.2345539922963873,0.2345539922963873
0.7988330431709013,0.188891514672064,1.6066943552786763,9.06725029784252,147.26014803913168,0.2350592287285192,0.2350592287285192
0.8005904739714533,0.1892977018251757,1.6100016075908836,9.095042221985436,147.922156879978,0.2355592379546229,0.2355592379546229
0.802332614395175,0.1896998970684885,1.6132784693226134,9.122984567191226,148.59334034511195,0.2360543589985225,0.2360543589985225
0.8040609691783412,0.1900982170702398,1.6165286957545555,9.15110659651654,149.27439819919445,0.236544779416841,0.236544779416841
0.8057766345778944,0.1904925466863858,1.6197572458723877,9.179290700834498,149.9606266742349,0.2370304180267297,0.2370304180267297
0.8074785128216909,0.1908826001323505,1.6229619138949931,9.207528442451816,150.65167952709547,0.2375109020473551,0.2375109020473551
0.8091671269238604,0.1912685650818661,1.6261460060720014,9.235801205578024,151.34695004796683,0.2379864780366262,0.2379864780366262
0.8108413642649781,0.1916499408104855,1.629306219201966,9.263860599472872,152.03735153146727,0.2384565703842278,0.2384565703842278
0.8124992271849697,0.1920268804404779,1.6324422652323411,9.291526851549609,152.7151197297159,0.2389213642057154,0.2389213642057154
0.8141404189522632,0.1923993225914593,1.6355526543992074,9.318738823069458,153.3774939610455,0.2393807934861596,0.2393807934861596
0.8157659181514534,0.1927679832918849,1.6386378559147123,9.34558733489496,154.02715071291928,0.2398356613402348,0.2398356613402348
0.8173768527952419,0.1931329730593594,1.6417007435908209,9.372101533381826,154.66499610688967,0.2402861399548612,0.2402861399548612
0.8189750872979733,0.1934943823752017,1.6447431880108063,9.398279251841918,155.29072006671618,0.2407323601904632,0.2407323601904632
0.8205564676708959,0.1938520998600375,1.6477576923176027,9.424097645871656,155.9036517565334,0.241174167157477,0.241174167157477
0.8221232610621058,0.1942064243648313,1.6507464956527196,9.449669781325069,156.5078304490318,0.2416119004705821,0.2416119004705821
0.8236755759477987,0.194557782258684,1.6537115747715432,9.475023714564188,157.10410006077254,0.2420460689923673,0.2420460689923673
0.8252152327475109,0.1949062479842289,1.656653407175562,9.500186062777216,157.69339906430594,0.2424768162415526,0.2424768162415526
0.8267446836272617,0.1952517499562718,1.6595751667928331,9.52518614426955,158.27643490386268,0.2429040420984688,0.2429040420984688
0.8282640471655227,0.1955935871831864,1.6624733710465447,9.550066407687249,158.85465638530394,0.2433268820416706,0.2433268820416706
0.8297721568367188,0.195931659165421,1.6653471149666284,9.574743168154896,159.4256858457762,0.2437451818473976,0.2437451818473976
0.8312685058836081,0.1962656279267484,1.6681956373173148,9.599118810047342,159.9867727219208,0.2441585397340567,0.2441585397340567
0.832752328132211,0.1965961990228699,1.6710190156266755,9.623281973949185,160.5408129099389,0.2445677878139385,0.2445677878139385
0.834225015770375,0.1969238320459093,1.673818660059902,9.647288486674404,161.08936521951608,0.2449734379570985,0.2449734379570985
0.8356904427143164,0.1972493150943862,1.67660169365757,9.67131952345985,161.63974034075048,0.2453764483505285,0.2453764483505285
0.8371462958014659,0.1975722089399514,1.6793628431583962,9.69537611942371,162.19290765679082,0.245776283719318,0.245776283719318
0.8385929761980863,0.1978922768714828,1.6821008225290084,9.719400023011156,162.74677501721132,0.2461726555265947,0.2461726555265947
0.8400295106987764,0.1982095231222334,1.6848145945025947,9.743390625203729,163.3011210732003,0.2465655068906242,0.2465655068906242
0.8414565893779352,0.1985241357636679,1.6875052163791466,9.767365208208858,163.85635471705555,0.2469550701790911,0.2469550701790911
0.8428750002928964,0.1988367597918278,1.690177455228821,9.791334699868315,164.4128409903768,0.2473421668984746,0.2473421668984746
0.8442861858092664,0.1991473344175983,1.6928320068139888,9.815316719229102,164.9708289937441,0.2477267764864756,0.2477267764864756
0.8456890994805023,0.1994557200615684,1.695465388974775,9.839325547585515,165.5307069120949,0.2481087018513963,0.2481087018513963
0.8470873052885195,0.1997615185943819,1.6980790920540128,9.863416602323984,166.0951106530202,0.2484874475973895,0.2484874475973895
0.8484757642445395,0.2000638923972557,1.7006647175068084,9.887441222930985,166.65979408049563,0.248862023992789,0.248862023992789
0.8498515941516018,0.2003621369409112,1.7032176358346722,9.911190742373362,167.21684834912423,0.2492315601021613,0.2492315601021613
0.8512131676754208,0.2006561822098124,1.7057368273339664,9.934538645126093,167.761081774302,0.249595974400681,0.249595974400681
0.8525603671130302,0.2009460397274896,1.7082227413515825,9.957479994979863,168.29247826923097,0.2499552956823492,0.2499552956823492
0.8538949040211609,0.2012317166032382,1.710677715091053,9.97998142932266,168.81025253202594,0.2503095379425286,0.2503095379425286
0.8552167696252198,0.2015130309135041,1.713102898341897,10.002050373346574,169.3148907788258,0.2506585104678752,0.2506585104678752
0.8565247810997322,0.2017896208106304,1.7154946112448264,10.023580511749696,169.80353517864012,0.2510017781566339,0.2510017781566339
0.8578182560658181,0.2020618648854522,1.717852549840324,10.044619679676028,170.27793178630125,0.251339734153169,0.251339734153169
0.8590979823791536,0.2023302081526004,1.7201814730128782,10.06518691503505,170.7385484555724,0.2516729681301425,0.2516729681301425
0.8603627305027538,0.2025943844550512,1.7224807034539498,10.0851684003124,171.180639926911,0.2520012132959116,0.2520012132959116
0.8616160952356268,0.2028548647428279,1.7247575477806405,10.104697553164003,171.60828334628897,0.2523250437191185,0.2523250437191185
0.8628595432686852,0.2031120926229406,1.7270149760347402,10.12407457139414,172.03463654539524,0.2526450490967126,0.2526450490967126
0.8640929216656926,0.203366072634994,1.729253563352284,10.143297249608857,172.4595447175341,0.252961227913989,0.252961227913989
0.8653144644034798,0.2036166955514001,1.7314701900944416,10.16237078037575,172.88312009813643,0.2532733907426637,0.2532733907426637
0.8665255986568403,0.203864884224057,1.7336699396802553,10.181434793539252,173.30955352993757,0.2535826663150983,0.2535826663150983
0.8677273415081991,0.2041112427785221,1.7358560699719323,10.200554200393707,173.74063168678845,0.2538897442038371,0.2538897442038371
0.8689199930648277,0.2043560058216563,1.7380295525862952,10.219789075332391,174.17786156518716,0.2541948485219189,0.2541948485219189
0.8701047751238727,0.2045991322839478,1.7401917498795427,10.239081285706924,174.61931475038142,0.2544979458102373,0.2544979458102373
0.8712837562319502,0.2048406205686389,1.742343608070232,10.258443967952116,175.0652589703922,0.2547990055001379,0.2547990055001379
0.8724554017963494,0.2050806367070495,1.7444851106442143,10.2778268097903,175.51430316963564,0.255098156795584,0.255098156795584
0.8736202310730764,0.2053188814276157,1.746615828504037,10.29711590343355,175.96286642430397,0.2553950830141354,0.2553950830141354
0.8747776617220583,0.2055549192990288,1.7487338565693706,10.316035904143948,176.39836195766026,0.2556892214109023,0.2556892214109023
0.8759285753848072,0.2057888001680827,1.750839391625325,10.334597118189068,176.8210376308512,0.2559806292557237,0.2559806292557237
0.8770745515537477,0.206020585403235,1.752938321645929,10.352821278786692,177.23191494522362,0.2562694400518084,0.2562694400518084
0.8782123489747914,0.2062493047871574,1.7550232249706348,10.370616226114723,177.62806143314268,0.2565544563524802,0.2565544563524802
0.8793372580462514,0.2064745443017113,1.757085624692134,10.387908820764684,178.0075286821885,0.2568351517347343,0.2568351517347343
0.8804474780514867,0.2066960258721146,1.7591234885954388,10.404677733358032,178.36972827877076,0.2571111819536733,0.2571111819536733
0.8815455528835557,0.2069137544531863,1.761137964031675,10.42093815171632,178.71519673322004,0.2573825650652974,0.2573825650652974
0.8826298711336885,0.2071275261808974,1.7631268232600563,10.436632423143436,179.04270719693972,0.2576490878139165,0.2576490878139165
0.883700836969602,0.2073374681396382,1.7650903593732612,10.451779911633642,179.35297274258326,0.2579109556897473,0.2579109556897473
0.8847577798473087,0.20754444835511,1.7670303346849372,10.46650541600428,179.64999397336803,0.2581691777372725,0.2581691777372725
0.885800321363179,0.2077485792082364,1.768945364381026,10.480864465411011,179.93557077008512,0.2584238794158791,0.2584238794158791
0.8868284885822749,0.2079508151010996,1.7708389562995084,10.494960764448484,180.21250119738173,0.2586761763113374,0.2586761763113374
0.887844539439452,0.2081515434558242,1.772711890298104,10.508768493979618,180.4796935492552,0.2589265246136744,0.2589265246136744
0.8888508383027457,0.2083518522848187,1.7745696017651644,10.522547881137251,180.7494179467645,0.2591762841711238,0.2591762841711238
0.8898482389513747,0.2085517844022828,1.7764136059526192,10.536320903357856,181.02219205051296,0.2594255433921753,0.2594255433921753
0.8908355500997768,0.20875080589885,1.778239928712818,10.550198627935933,181.30205777410228,0.2596736650956716,0.2596736650956716
0.8918130577052685,0.2089495264981893,1.7800508963944126,10.564408382037264,181.5983242265225,0.2599214281887724,0.2599214281887724
0.8927825882652366,0.2091481220987698,1.7818501795215798,10.57898955399564,181.91168721898487,0.2601690601573029,0.2601690601573029
0.8937437818940843,0.2093464631476452,1.7836350960772671,10.594053895169653,182.24641921890824,0.260416355016458,0.260416355016458
0.8946949606257762,0.209543538406237,1.7853996699769912,10.609499782510008,182.5990627666124,0.2606621175375898,0.2606621175375898
0.8956390176229417,0.2097396967412756,1.7871489297444043,10.625387592202692,182.9723114916016,0.2609067525025669,0.2609067525025669
0.896577133307718,0.2099343164990669,1.7888813773449683,10.64163155010242,183.363789708576,0.2611495268791282,0.2611495268791282
0.8975099173120104,0.210127066410144,1.790596847711643,10.65821721264152,183.7729220182464,0.2613900672318934,0.2613900672318934
0.8984349034675093,0.210316851830172,1.792289049203875,10.674865844639587,184.1867546244112,0.2616270366168646,0.2616270366168646
0.899352803629318,0.2105036100655745,1.7939583265554104,10.691578499788587,184.60502412109187,0.2618603124650477,0.2618603124650477
0.9002663515058207,0.2106882088061302,1.795611769732516,10.708226256656827,185.0231621919347,0.262090967226164,0.262090967226164
0.9011716666457192,0.2108699537613649,1.7972460642254302,10.72460547329604,185.43241606874733,0.262318131144895,0.262318131144895
0.9020673757188096,0.2110486284186439,1.7988578635337251,10.740720059565708,185.8330754661025,0.2625415131020015,0.2625415131020015
0.9029541091712956,0.2112240571009555,1.8004478647943103,10.756446600038322,186.22064932751653,0.2627609154282209,0.2627609154282209
0.9038336884206613,0.2113963702178518,1.802018643083831,10.77182282622372,186.59661088144,0.2629764826490206,0.2629764826490206
0.9047038286768024,0.2115652416893905,1.8035683274838443,10.786707002663812,186.95595377670227,0.2631878313417427,0.2631878313417427
0.905562309804509,0.2117306090710627,1.8050937768045856,10.801121863800503,187.29947419307936,0.2633949184762583,0.2633949184762583
0.9064070693350804,0.2118924637612597,1.80659196542054,10.815155959368395,187.6298911202192,0.263597733705431,0.263597733705431
0.9072390495793652,0.2120510777881722,1.8080661510210287,10.82879294128991,187.9469959393037,0.2637965669375463,0.2637965669375463
0.9080589547702532,0.212206650319003,1.8095189398535416,10.84200725581446,188.25019576986125,0.2639917395743981,0.2639917395743981
0.9088650963814516,0.2123587990539605,1.8109488306606325,10.854816304309326,188.5400708458947,0.2641827780245574,0.2641827780245574
0.9096595674966268,0.2125081293624544,1.8123587805592976,10.867321067090558,188.8198639044671,0.2643703803072585,0.2643703803072585
0.9104421744234106,0.2126547673791113,1.813748838904522,10.879622103925414,189.09325372893045,0.2645547206890456,0.2645547206890456
0.9112121140478758,0.2127989031251721,1.8151196414518525,10.891752093011023,189.36099204273484,0.2647360213383669,0.2647360213383669
0.9119691004104752,0.2129414178555786,1.816474399853044,10.903749802091934,189.62396181170865,0.2649153596920088,0.2649153596920088
0.9127134441375158,0.21308244628973,1.817814000626405,10.915751688207926,189.8867320589881,0.2650929587325636,0.2650929587325636
0.91344729794998,0.2132222828699256,1.819141655845124,10.927799966912357,190.15048290527048,0.2652691476872515,0.2652691476872515
0.9141689076131948,0.2133609479150285,1.820455885128548,10.939855338087462,190.4144162061248,0.2654439257196278,0.2654439257196278
0.9148778884295788,0.2134983541202435,1.8217551400285408,10.951904138928995,190.6781592604761,0.2656171987212148,0.2656171987212148
0.915573239318164,0.213634472150885,1.8230379825998544,10.963945101844518,190.94178284435364,0.2657888857035761,0.2657888857035761
0.9162564112336568,0.2137697291035347,1.8243053050541105,10.975980700206035,191.205664882454,0.2659594810299331,0.2659594810299331
0.9169258007181118,0.2139035091003743,1.825555083692619,10.987924501599553,191.4672620006855,0.2661282890586494,0.2661282890586494
0.9175817796040958,0.2140356769868957,1.8267889886277435,10.999713982405927,191.72415750122383,0.2662951707735906,0.2662951707735906
0.9182253460777364,0.2141660597195835,1.828005924139899,11.011334371891907,191.9760861833117,0.2664599196660621,0.2664599196660621
0.918853847776011,0.2142938538817328,1.8292002985419915,11.022732049879332,192.221582963614,0.2666215380041323,0.2666215380041323
0.9194676429970328,0.2144189984939067,1.830371204520492,11.03393692213584,192.46193099747936,0.2667799361926511,0.2667799361926511
0.9200668129114368,0.2145417271643214,1.831523612956336,11.044920385368794,192.69615468004525,0.2669354478897568,0.2669354478897568
0.920651787622552,0.214661992870139,1.8326586390287305,11.0556250036565,192.92236596077052,0.267088023524629,0.267088023524629
0.9212233475666832,0.2147800293603825,1.833778705724148,11.06608413755473,193.1414024267104,0.2672379947910162,0.2672379947910162
0.921781979581578,0.2148955588615662,1.8348825809472733,11.07627720104109,193.35265713468647,0.2673850575490137,0.2673850575490137
0.9223266702046176,0.215008321704655,1.8359680865201689,11.086178592652312,193.55509113400296,0.2675289347130865,0.2675289347130865
0.9228603164618542,0.2151188633219097,1.8370380447917007,11.095841873980657,193.75065731772705,0.2676702164212507,0.2676702164212507
0.923382945719349,0.2152270044277283,1.838090074702152,11.105198001043783,193.93740867656555,0.2678086520274668,0.2678086520274668
0.9238946132476112,0.2153331861742197,1.8391271262321645,11.114366884990613,194.11959878594752,0.2679447935244556,0.2679447935244556
0.924397231248764,0.215437464636045,1.840149744351936,11.123313787216569,194.29610103851903,0.2680787046960559,0.2680787046960559
0.9248900893115508,0.2155400669949819,1.8411576276593389,11.131953284030736,194.4633448469276,0.2682106418184882,0.2682106418184882
0.9253722947942808,0.2156406247711454,1.842144715636332,11.140271855429846,194.6211410320756,0.2683401194881595,0.2683401194881595
0.9258436100687056,0.2157392256020437,1.8431105523551907,11.14827248695656,194.7696772965533,0.2684672198345924,0.2684672198345924
0.926304475470606,0.2158358646469948,1.844054769835341,11.15599309661216,194.91002434507263,0.2685919208915337,0.2685919208915337
0.9267558121726144,0.2159310322114554,1.8449800386547728,11.163483532738272,195.04358131342164,0.2687147571404701,0.2687147571404701
0.9271992657460942,0.2160247323206986,1.8458891025862767,11.170776114629218,195.1713040385803,0.2688357131109306,0.2688357131109306
0.9276321700433156,0.2161166055836095,1.8467792298676355,11.177808839102196,195.2909228768472,0.2689543831171042,0.2689543831171042
0.9280553436176082,0.2162068647707917,1.847653166366192,11.184645415865454,195.40423946106,0.2690710297843697,0.2690710297843697
0.928471492097916,0.2162953715062763,1.8485125663692608,11.191213033801446,195.5083797305188,0.2691854709493581,0.2691854709493581
0.9288802378769668,0.2163820720435623,1.849357408702423,11.19753918548191,195.60422868775387,0.2692976214382471,0.2692976214382471
0.9292826494033258,0.2164669207721201,1.8501904725842984,11.203602347079102,195.691106124748,0.2694074438759185,0.2694074438759185
0.9296777909661474,0.216549620803992,1.851009514183884,11.20936511738827,195.76823781928707,0.2695146074907927,0.2695146074907927
0.9300683969898824,0.216630412883153,1.8518170965244936,11.214883017275488,195.8370371231384,0.2696194140682415,0.2696194140682415
0.93045274558196,0.2167091475406775,1.852610124401588,11.220097710957116,195.89607503080748,0.2697216586833741,0.2697216586833741
0.9308340349787358,0.2167857690240537,1.8533939150919856,11.22499767453228,195.94509323192443,0.269821311824869,0.269821311824869
0.9312122968792552,0.2168605228030599,1.8541678187466644,11.229665297907818,195.9869150672676,0.2699186850689866,0.2699186850689866
0.9315889701074404,0.2169338225388397,1.8549331505940247,11.234172965394228,196.02406700056684,0.2700142425999274,0.2700142425999274
0.9319626209551491,0.2170059178339048,1.855687524522323,11.238493052526804,196.0556660032496,0.270108235292901,0.270108235292901
0.9323296530117297,0.2170765232112877,1.8564259275880333,11.242582867213793,196.080429031158,0.2702003516242794,0.2702003516242794
0.9326896394450334,0.217145823173654,1.857150242358645,11.246482668822628,196.10002286726623,0.2702908738305587,0.2702908738305587
0.9330419943778608,0.2172135748786704,1.8578596111868224,11.250182997837614,196.1143339570829,0.270379489365724,0.270379489365724
0.9333896367943209,0.2172800306377225,1.8585587250016893,11.253706806414987,196.1236762755188,0.2704664864601057,0.2704664864601057
0.9337317742656353,0.2173451180838012,1.859246801775995,11.25708632337706,196.12901692179173,0.2705517741834016,0.2705517741834016
0.9340725671686012,0.2174090141580442,1.859931489375365,11.260462718303124,196.13540546161823,0.270635609336536,0.270635609336536
0.9344076621160142,0.2174712723133746,1.8606041139094287,11.26381165411363,196.14237391476053,0.2707174382014657,0.2707174382014657
0.9347357783937712,0.217531737811465,1.8612632082701832,11.267038765605978,196.1468768519668,0.2707970424560726,0.2707970424560726
0.9350570301753146,0.2175902249913179,1.8619084159284585,11.270121889670136,196.147931457995,0.2708742529099207,0.2708742529099207
0.9353722241003518,0.2176465728198418,1.862540456529004,11.273098531625626,196.14666801355247,0.2709488994007474,0.2709488994007474
0.9356803789794328,0.2177010177209132,1.863161106825772,11.275949335922652,196.1425408485567,0.2710212040186255,0.2710212040186255
0.9359836566471672,0.2177534488818473,1.8637730268720785,11.27865884270794,196.1345171873528,0.2710910375288536,0.2710910375288536
0.9362838799846844,0.2178042105549073,1.8643781320185209,11.281341362019212,196.1263907382509,0.2711588667354292,0.2711588667354292
0.9365775215826396,0.2178532369594517,1.8649729730854032,11.28401589843526,196.11896547602365,0.2712246005064962,0.2712246005064962
0.9368643363134416,0.2179006915595965,1.865557584988464,11.28665369244689,196.1114054438061,0.2712884355771071,0.2712884355771071
0.9371410068027632,0.2179464204401396,1.8661255700687085,11.28915499282672,196.09975481115384,0.2713501334187333,0.2713501334187333
0.9374101826556036,0.2179909623091073,1.8666825231052384,11.29157868371173,196.08538743503368,0.2714103471987852,0.2714103471987852
0.9376741230822088,0.2180344879126837,1.8672331685010133,11.293932853107211,196.06848980367047,0.2714692983713788,0.2714692983713788
0.9379331033453304,0.2180770629531693,1.86777995677022,11.296249564449152,196.05019169398727,0.2715270393277409,0.2715270393277409
0.9381874494421298,0.2181184326217091,1.868320975087922,11.29850769806103,196.029926541855,0.2715832404220166,0.2715832404220166
0.9384387764670304,0.2181584170166259,1.8688551764553032,11.3007622855059,196.0092806282698,0.2716377158984255,0.2716377158984255
0.9386891503325028,0.2181971776407291,1.869382778025225,11.30300426240962,195.98810842560783,0.2716906221473214,0.2716906221473214
0.9389373223787572,0.2182343769706801,1.869900317468003,11.305081771882712,195.9617536154425,0.2717414657199628,0.2717414657199628
0.9391882496741008,0.2182705578823315,1.8704154944580875,11.30695793659885,195.92914074305023,0.2717909010490871,0.2717909010490871
0.9394556454372192,0.2183092214120287,1.8709545608840248,11.30880460969139,195.89692937504404,0.271843158170234,0.271843158170234
0.9397836729469304,0.2183632255541481,1.8716064229233604,11.310841502739509,195.8740328488485,0.2719143077806696,0.2719143077806696
0.9402605556057636,0.2184562533684061,1.8725518046304364,11.313314655740433,195.87225212935064,0.2720343282220931,0.2720343282220931
0.9409746828844436,0.218611671069314,1.8739690338564885,11.31651873924978,195.90461465546323,0.272232904822241,0.272232904822241
0.9420186634663144,0.2188537654326953,1.8760460945238573,11.320670046963466,195.9825978014559,0.2725408164824155,0.2725408164824155
0.943471166658256,0.2192026961572068,1.878959050971072,11.326094877236407,196.122246678044,0.2729836492896182,0.2729836492896182
0.9454027602433288,0.2196751957419665,1.8828760763430696,11.333104156297162,196.3391163945333,0.2735826315882929,0.2735826315882929
0.9478515891935988,0.2202810317616353,1.8878964514695584,11.341844243050126,196.6388695137564,0.2743511336400758,0.2743511336400758
0.9509331472107888,0.2210501380029103,1.894282824219988,11.35260197100214,197.0337629349507,0.2753273215141957,0.2753273215141957
0.9547650165086204,0.2220107226017082,1.9023031007016515,11.365679656720204,197.53783807190896,0.2765472933910077,0.2765472933910077
0.9594377044876958,0.2231843862269511,1.9121727574747265,11.381150652252009,198.15609805442253,0.2780385049420195,0.2780385049420195
0.965025316428075,0.22458760530555,1.9240655724165656,11.399099421463596,198.8945343856504,0.2798220129931765,0.2798220129931765
0.9715620898546558,0.2262224058472501,1.938027971488488,11.419560683094408,199.75614641680664,0.2819005318308011,0.2819005318308011
0.9790416266410708,0.228080789046141,1.954024834005824,11.44256771093279,200.7436990961878,0.2842648674976356,0.2842648674976356
0.9874180093277724,0.2301472341883401,1.971929878415596,11.468149204673734,201.8598725225844,0.286895405118527,0.286895405118527
0.9966637974097236,0.2324109035420289,1.99163996722308,11.49628334938508,203.1043030556968,0.2897784365161888,0.2897784365161888
1.0067584680059416,0.2348646124648355,2.013057293224434,11.526920938242109,204.47497718622145,0.2929047293733483,0.2929047293733483
1.0177149914624368,0.2375078167284588,2.036154601374002,11.560171373247035,205.97920810688748,0.2962725307734267,0.2962725307734267
1.029467154770217,0.2403207299778452,2.0607484158863785,11.596059991972108,207.6191060718268,0.2998563530075837,0.2998563530075837
1.0419493764238623,0.2432850021934819,2.0866538052922023,11.634549341685156,209.3930989674979,0.3036324865010668,0.3036324865010668
1.0551082974190928,0.2463857356899617,2.1137150234948945,11.67565193759216,211.30280952149928,0.307581945087331,0.307581945087331
1.0688727797720672,0.2496037352321077,2.1417527998210986,11.719228358344582,213.3403336476219,0.3116803374347014,0.3116803374347014
1.083155808211704,0.2529228303471097,2.170616125697254,11.76516363283044,215.4994582823104,0.3159069915796803,0.3159069915796803
1.097914141218231,0.2563371462692584,2.2002387267238745,11.813293054780551,217.77095766866896,0.3202534086222786,0.3202534086222786
1.1131365970243996,0.2598470994848972,2.2306315872213167,11.863436383059383,220.14440548637452,0.3247200921839138,0.3247200921839138
1.1288042928033228,0.2634526350074289,2.2618019330618315,11.915425523078577,222.6101179717221,0.3293070266264177,0.3293070266264177
1.1449035582963158,0.26715588657891,2.293781833654085,11.968958632602297,225.15084184449657,0.3340166751649748,0.3340166751649748
1.1614537990109666,0.2709625146268041,2.326628337211414,12.023729733512836,227.7495003419249,0.3388558301815629,0.3388558301815629
1.1783412113576788,0.2748476610064335,2.3601342037022714,12.07917387091711,230.38338443451136,0.3437932337363354,0.3437932337363354
1.1954482198211374,0.2787864139202161,2.3940851583271656,12.134759209477965,233.03150794924784,0.348797498200122,0.348797498200122
1.212662801380047,0.2827542394149464,2.428273920675262,12.1899325435022,235.67131232009405,0.3538378153886878,0.3538378153886878
1.2298785131187262,0.2867272119920301,2.46249938859806,12.244250725752243,238.286964446166,0.3588840245775764,0.3588840245775764
