RSY_BPFO_0,RSY_BPFO_1,RSY_BPFO_2,RSY_BPFO_3,RSY_BPFO_4,RSY_BPFO_5,RSY_BPFO_6,RSY_BPFO_7,RSY_BPFO_8,RSY_BPFO_9,RSY_BPFO_10
1.0,1.0,1.0,1.0,1.0,1.0,1.0,1.0,1.0,1.0,1.0
0.0963915148413041,0.7673188466526251,0.658868931477732,0.3564800848093303,0.5408695843180514,0.6265525735146068,0.574099335293658,0.6018928806280224,0.59686281135212,0.5543293415715809,0.4106415494283437
0.0467259632527047,0.5968586213421315,0.621051755852135,0.3182415826207985,0.4548338041160185,0.5281320687035137,0.5876418262604508,0.5767202614102666,0.5820342320394848,0.5006856487699772,0.5930971671227278
0.0355317202297206,0.5976578262829385,0.4937355391001602,0.3336472944249407,0.3822785463183417,0.5540802737409863,0.5695316527898068,0.4550265513178209,0.5122147480927783,0.5844755276754899,0.5521548087714243
-0.0023042017603467,0.4407304586929057,0.5336396595018301,0.2914184141088227,0.3096288022958441,0.585063239230905,0.631172804887413,0.5268654949404156,0.6758657076853967,0.4935031967581389,0.5544905933120197
-0.0424484366274359,0.4224492530248815,0.4932987833789422,0.3038324921124959,0.4410443668360164,0.5697984959580658,0.5581521187024855,0.3961894400733505,0.5714881468422979,0.5116664538100917,0.4745200523172019
0.0510407202601378,0.4270770783178299,0.4649512934481034,0.2513534306288537,0.4144743291951906,0.6229297411237688,0.5764404287157092,0.4518612614690878,0.551107474478319,0.5431885111105792,0.4189681555741899
0.11496225407751,0.3824362746084421,0.5191791103714791,0.3412018423559189,0.3608744324131326,0.6941246465518615,0.5248847818037459,0.380683566221806,0.425778250386893,0.5032389827768304,0.5299189351286308
0.1355153814215767,0.5305392429456631,0.5688406191973518,0.2128857295268486,0.3966051615388136,0.5404344044614683,0.6037926028943733,0.4387518609910439,0.5563231662071197,0.4980934155975155,0.5329020030629714
0.0868152821334531,0.4951507984384055,0.4059514166756729,0.2826462583262191,0.3423621879836461,0.5367739896355416,0.4757611985031892,0.4323092664383369,0.5551055121961991,0.5538417326550056,0.5163199117719259
0.07552875380556,0.4858539023898865,0.423533663551759,0.190272904588722,0.3376504670352238,0.6415306536437957,0.5703066792104087,0.4823516669497363,0.5661106092077205,0.6222583535720271,0.5464225508483861
0.0552434692306871,0.423835801019982,0.4309285693106366,0.3919767269916583,0.55203343234874,0.5173692714012432,0.5089606162379852,0.4274053542250685,0.5937521126163614,0.5339803723320207,0.5106565010563094
0.0355680299344456,0.4511501176663661,0.3887591389542907,0.2016638129951884,0.4067357437925995,0.5253444338919862,0.5147776725314352,0.4352562869489524,0.5802032953335656,0.3822825249191812,0.5230373934946092
-0.055442847922806,0.4714211423244216,0.4332722039727509,0.240696733576495,0.3655215511300217,0.5346249480258354,0.5313946275693862,0.4715810156447583,0.6144388703309842,0.4540997264947279,0.5006333265550958
-0.0205320981302858,0.4660038650287165,0.3792693891619019,0.2386348031967195,0.3042212070954095,0.5046457753504006,0.5438051811513882,0.4717577162349557,0.5608728688009701,0.4659728922435642,0.5554692358747121
0.0037006010210901,0.4510860986198239,0.3305178432019036,0.2318951543868005,0.3293719857105833,0.5557507496449875,0.5345225307709782,0.4765638501740213,0.5931281585548311,0.4692216172594862,0.4756282377825693
0.0309920593214535,0.4731314333892047,0.3784748515350447,0.275703607074281,0.3330583201026879,0.5254405928864881,0.5642097637263342,0.4974355866799047,0.5049764465706221,0.5261523844231839,0.4866096146777429
0.0269678379795255,0.4386929512312283,0.4277884606679522,0.3111105518583934,0.383000609874218,0.5395235911857209,0.5376347831132715,0.4607400718564948,0.5463614692595709,0.5418508551534609,0.4954861769127069
-0.0099527007127431,0.4402871063415774,0.4343983547412897,0.361866924626496,0.4164803217910131,0.4577528438345583,0.5621856759566469,0.4683002078543226,0.5190453999859117,0.479363358758808,0.4451634327443122
0.0379508802900995,0.4707141424784078,0.478537554589773,0.2715179815776397,0.3429361123056321,0.484454135165653,0.5888930978042024,0.460389119470065,0.5435387469187766,0.3987187929332191,0.5005558602557415
0.0525278260275673,0.4089565794677668,0.3507978127794393,0.2286300336233123,0.3529707803210182,0.5448028892866505,0.5225025356679505,0.4544618101970111,0.6133233318385958,0.4647871614941671,0.4650460474876292
0.0596994852877774,0.4864080161815836,0.4037299274025708,0.2998851762747234,0.3749063414666084,0.4658375154701559,0.5332459475391905,0.4326597109453396,0.578756375638586,0.4117959133531294,0.4656094439051219
0.0358960598951666,0.4296554446701968,0.4170955913452697,0.2934207370024242,0.3378267451129664,0.5197956794321866,0.5020249745843974,0.4857788908526269,0.6219224657119636,0.490717223914182,0.4977436604162633
0.0464252942348097,0.3986310820022691,0.4423007283188981,0.3064527138887842,0.361697947680185,0.5247924812881282,0.5356430176828749,0.4739488205030772,0.6052887813259052,0.4957949746123364,0.5069760858203372
0.0638506982966021,0.426758096646063,0.4420693787645817,0.2991533931713509,0.3716652797836566,0.5542066519151869,0.5415043388331352,0.5005410598645033,0.6114075748559369,0.4727726415133256,0.4955928413917366
-0.0215585974592173,0.434108683812815,0.4028238767509216,0.3061119363619152,0.3417757094292755,0.4742729306669013,0.5664391099447292,0.4818124126472865,0.4849223198603823,0.4558184177987647,0.502682317489386
0.0093783924656537,0.4595478943229986,0.4431697987269384,0.318644850608029,0.3787428077322891,0.513863106152141,0.581695162968746,0.5042163679421352,0.5399339812938861,0.459573473090761,0.5134293950370696
0.0047016321156946,0.4679927588205828,0.4440613934166474,0.3447629479414985,0.3962236853226091,0.5447791044560248,0.5931311661504116,0.3441041499844927,0.6259165254487481,0.480070767905344,0.4394065880943277
0.0309656153174767,0.4461251542999691,0.42978769002619,0.2623502029598766,0.4199914396962422,0.5289972613354944,0.5248711386351452,0.450431107544135,0.5194632587777732,0.4792399038289856,0.4900930367303855
0.0454392802233364,0.4735132827295532,0.4616756206729304,0.2732486087364173,0.22775639767182,0.5334079788924868,0.5363582360721793,0.529852821444576,0.5547237685287705,0.4938514011935883,0.5105460791335703
-0.0134986197518567,0.492429885358512,0.4573843455980407,0.2669663454079694,0.3608566968964726,0.5405824604225644,0.5433616519346885,0.5614657262723366,0.5940953394212092,0.5080470369097052,0.491939716466038
-0.0191944133070612,0.5052713842420049,0.3804945110129042,0.2595662210910804,0.4193604154172384,0.5382660669235969,0.5660581838822438,0.5771942272271715,0.5781963439915612,0.4673030968189969,0.5115081887090553
0.0337449479741497,0.4336992195446678,0.4275563806284136,0.2968347834523023,0.468939237590754,0.5784458970883493,0.5284430330992406,0.4858053647923401,0.6237807881370483,0.4812521151651478,0.5399948485294113
-0.0398158855238432,0.4630445915516683,0.4102577385434015,0.3206034146215025,0.3907444726467873,0.4798279935192302,0.4954463323110417,0.4406501272833942,0.5818526379459573,0.4940246748784599,0.552709003383555
-0.0079968246233215,0.4299490228937248,0.4663345498274382,0.3543617881526083,0.4197545609214479,0.4950265180563233,0.5192263322566973,0.4653787939223649,0.5820972989015826,0.4711258688135702,0.4781094023084191
-0.0232335670728845,0.4397499788339885,0.4737056641463559,0.2810869951416338,0.3743906418331393,0.5084546058583576,0.5520434254347798,0.4323593552058507,0.5653145884062454,0.4960217985401994,0.5028343023273871
0.0026850367415551,0.4614506376898303,0.4520603877087737,0.2438116406887299,0.341657785380681,0.5209760208290402,0.5169972543721777,0.4794919012755168,0.5692208946190149,0.5022408765495694,0.5032041910987621
-0.0018962338789196,0.472766725089775,0.4950891498522748,0.2843127082997869,0.3814947454628333,0.5373801534824174,0.5273570432782879,0.4888310506123805,0.5808339621242686,0.4784525542304738,0.4787793738533822
-0.0050013861499377,0.4193640797742116,0.4634532704586616,0.2593278293620546,0.3920118806393134,0.542773581751503,0.5475312438317969,0.4720209452205711,0.6005193541092513,0.4685670878337798,0.5129752740693767
-0.0374931287579725,0.4145655723421176,0.4496639094281774,0.2799564231913263,0.3736654969452623,0.5618420498751138,0.5549537969749271,0.4804827390017569,0.609731789861482,0.4617567637798221,0.4406255371971645
-0.0355465376679573,0.4499637174147355,0.457794543500827,0.3205826282578569,0.4014109631943452,0.5649932264386146,0.5429283559324296,0.5030622444251502,0.5359533988954823,0.4709869517749562,0.4830158617342183
-0.0334808953623276,0.4523515718560609,0.4337870284498994,0.3002551392464074,0.3990913543975348,0.5688365862926641,0.5770224824104775,0.5224479061224137,0.5476051813085561,0.4555570534906699,0.5377661051741303
0.0458995106284339,0.456130606362554,0.4582682222070418,0.2791597958030315,0.3233152633610913,0.5935727823396442,0.5940500815958631,0.5606695994449173,0.5444546978589414,0.4879878274913697,0.4479701651958187
-0.063248221841996,0.3863027614963291,0.4486587431086646,0.2759976873102008,0.3302885604784521,0.5977421633838673,0.5322296028291531,0.4690816224822412,0.5498188855413739,0.4620187165458232,0.4515607231926228
-0.0167752411625965,0.3883755347381937,0.4605644872744757,0.3154153855463588,0.4286442895049402,0.5715670697176122,0.5333323040074174,0.467195498302714,0.5592569843106155,0.4909354443545846,0.4842057985659797
-0.0557249322791892,0.4438440910193455,0.456878450481512,0.2690221533033914,0.4071017635557885,0.5864095213696983,0.5981861040930975,0.4766544158832385,0.5704932828169089,0.5178296804136572,0.4799508292572146
-0.0569591659171242,0.4508894665651,0.4257936175695848,0.2985720079856907,0.4535869657838804,0.5765934920787857,0.6031742283104868,0.4784474080000283,0.5634663941630962,0.5522457201540543,0.498735272681895
-0.0184723957445621,0.4146219645203636,0.3598950279644556,0.3356919476907525,0.4976898084185978,0.5218053800013449,0.5613325654105868,0.5183720714648611,0.5733222810664668,0.5477476028050516,0.5071458962342507
0.0220687394689245,0.4384376200047153,0.3818464455653479,0.3444328023454019,0.5120257297468879,0.5235622809109381,0.5389767283895908,0.4211893703550547,0.5779581553449229,0.5001540953376943,0.5466439495642799
-0.0333481479568368,0.4666997922076957,0.3927749951072417,0.3015381611282408,0.3473946710935288,0.5830101983866316,0.6093459092524214,0.456955398250816,0.6134686533467602,0.4351082890968771,0.4802060824265568
-0.0438001573095482,0.4536033035724555,0.4194839701003565,0.25424941479273,0.3655149778624915,0.5462730324666474,0.4858947984603021,0.4262139194629779,0.62446197510499,0.4827101855225544,0.5235851063710086
-0.0078588217245332,0.4226869284932072,0.426899586375858,0.3294959650422004,0.3681324467266836,0.6099760745762282,0.5259129878452691,0.4567775067550813,0.6365947518247346,0.4007685800858794,0.4970262711936928
-0.0108231646726141,0.4390755824613972,0.4676150974519512,0.2955797728169381,0.4073359276872264,0.6199524866634183,0.539536042373311,0.4377788089390695,0.6103973091209175,0.4589153887837008,0.5505984501449325
0.0143883918330282,0.4530071103017762,0.4729907895871832,0.2961230704108063,0.4201611543655977,0.5575531643510709,0.5710499785238883,0.5012176898608457,0.541528346731724,0.5071571248790678,0.5607262085074762
-0.0404140161080283,0.4758088570463036,0.4860763217247841,0.2398556541270521,0.4428489300075511,0.5750118860148339,0.5430440162049525,0.5118369479642271,0.6132944301585721,0.4563904253606375,0.4931889871542567
-0.0355276004819039,0.3769815725247535,0.4432077972372686,0.2719468068397552,0.3067478222683347,0.5836243751983643,0.563227256456464,0.5517774511503937,0.5842550974628308,0.4960255739462318,0.4988328979203457
-0.0044845966897316,0.3983083752184402,0.3575421943373763,0.3108507447825717,0.3433602878853828,0.5790613663612844,0.4934778541663555,0.4579306654669844,0.5675104147879774,0.4613320714112491,0.5101482148486675
-0.0498820856396723,0.3768182423157759,0.3872145587219184,0.1987686280398853,0.3464047301712359,0.4992065393140642,0.5070074779996807,0.5120648569394791,0.5985183023311783,0.4870403097012238,0.4091823069619997
-0.0129385597626223,0.4090673334340861,0.4132221595003194,0.2455147906743239,0.3806864294784036,0.5583244106485027,0.5214139094129882,0.4647618891178814,0.5530790287284626,0.5235104027547938,0.4771238604836557
0.0101169805514821,0.4164584231357865,0.4463809893814672,0.2782150809623711,0.3966861988679635,0.4936921544818738,0.5231217808809046,0.4281909655498392,0.600869993546143,0.5357115321914852,0.4220944974814019
-0.0389176780523295,0.3962573963730447,0.4151687583492799,0.2981173511616725,0.3988506036391487,0.4999759409439828,0.5455437807465269,0.4906964837504501,0.6493854861673264,0.5297842965952192,0.4858668670993099
-0.0282260829741467,0.3952025355212361,0.4254850352318262,0.3161809009460199,0.2942125657256794,0.5475201494752413,0.5472152499978884,0.5422930746698414,0.5916500285518146,0.4922597373699928,0.4610671444969067
-0.0083150040938563,0.379527946876717,0.4291023687981865,0.2804029671634406,0.38143882505737,0.5918573983923341,0.5288080689880248,0.501221502606712,0.6345821699634135,0.4276800510062709,0.4708670815155904
-0.0026321351262354,0.3420149606308613,0.4450285925044907,0.1822172350810014,0.4329644590061853,0.6043194106389629,0.5323992240404755,0.51373001961533,0.6726053767886906,0.4353299967277642,0.499085776243578
-0.0237362201934798,0.3512360136115723,0.3066974474041442,0.2092518136280769,0.4099041019624125,0.4852477878848063,0.5496852606540807,0.4702788405432549,0.6085088720198734,0.4670228370876603,0.5146916570130563
0.0323420405461475,0.3552171443926835,0.3594421059696577,0.3044961043682493,0.4714689043198039,0.5420535167525353,0.5522976847426818,0.3952122794337933,0.6003930129913347,0.4737565093016035,0.5293593047534169
0.0129340479773369,0.3699928429213456,0.3177812606286441,0.2384973759056978,0.4772879465691687,0.5751395864238287,0.5131264072626714,0.4606994526832512,0.594830227356474,0.5197828984478897,0.4634375506150348
-0.0284958603079325,0.3610003689328007,0.3392110174152736,0.2750146795969758,0.5238021393945338,0.5778742065822342,0.5462564588821861,0.4681455638327942,0.5145004260249284,0.5450328432021956,0.4850938869086376
-0.0325150951296822,0.3929619011604957,0.3281620977048746,0.3424085189019568,0.5102151598437153,0.6021280872351185,0.5407913942275153,0.4209947362346339,0.5517841718208523,0.4937272221674654,0.4868970406123465
-0.0022300249490839,0.3657171174883354,0.3283867918547177,0.3807983178554354,0.5121275199150883,0.6390660740960243,0.5442532754297383,0.3832348270749742,0.5953937034684607,0.5037442780437353,0.4914381722713528
0.0169072640456328,0.3124487128823167,0.3498044518022135,0.3490115824022953,0.5550800539769962,0.5456519101716173,0.5957344031671605,0.3860667153750218,0.6097503865366383,0.4711785914639533,0.4260268835468965
-0.0084014897678359,0.342489947941343,0.356860401078701,0.3103265125426816,0.492568579916481,0.6167339502425025,0.5267588938293297,0.3830288605061143,0.5353024794378399,0.4957064976298112,0.4530131848511204
0.0189645961108295,0.3659495329520559,0.3675208981783343,0.2124852784966857,0.4312037244253528,0.6483613253043161,0.5690292857374464,0.4006464767869142,0.5415615346107716,0.4848083928389048,0.4589354181921375
0.0287292934006855,0.4045846744473963,0.3602705927181241,0.2058350952015805,0.4753073369675236,0.5936630635160923,0.5856076347274204,0.3647181044332834,0.528830276745067,0.5208532899635934,0.477279153635763
0.0493676203238966,0.4636951764901529,0.3657545604785595,0.2336705630452974,0.4520564833050554,0.5789291617744379,0.519534010192932,0.4210120733561145,0.5622789510950185,0.5580162493952818,0.4764351531580912
0.041463934631799,0.4626194069352382,0.2844480728603151,0.3157974111739743,0.4889971796753195,0.5273767140090306,0.5422284806320381,0.4296464956182385,0.4478535954738938,0.4425479920181945,0.4714593203566976
0.0268259231638526,0.4541675105985688,0.3000252648153516,0.2439212001495817,0.4965892710843774,0.571005159280624,0.5678932357660775,0.4547077285334978,0.5016785116533842,0.3970602182546329,0.4682119025741502
0.0261497331452446,0.4551419273363463,0.3120591173203867,0.219929636397544,0.4023200901234473,0.5702172784722459,0.4997731921592726,0.4187966827885025,0.5645845799153139,0.4128149239242727,0.5131385158268469
0.0349588356989753,0.3024808876884477,0.2550111150529471,0.102370624781013,0.3796654937685166,0.3639049716728622,0.4054478448926903,0.2950896143586362,0.5563022204131425,0.4563523115134735,0.4936474423480087
0.0399818145708882,0.3053169432327706,0.2633530445942479,0.0983705089785164,0.3700248182835749,0.3581762391427006,0.4259691052535534,0.3177447882775853,0.5186108286130281,0.4412960276004121,0.4976733227766366
0.0556581131782771,0.3424683748931395,0.3075946623930345,0.1385025844524338,0.3617032298267458,0.4051228392646987,0.4379108993750045,0.341293899693132,0.5531270119847824,0.4863174303055834,0.4359161596040433
0.0763009917651305,0.3521108978455771,0.338439927498499,0.16830503224402,0.3463910291343103,0.4251183387198063,0.4498493394516363,0.3834799242857193,0.5747758134896517,0.4874015744576921,0.4499853247121257
0.0823480954985001,0.3367555754087012,0.3407758926836511,0.1742217837575504,0.3797894085005008,0.42775031445898,0.4509096466835599,0.397193901945904,0.550328413713641,0.496518384434808,0.42471116343535
0.0863484680996799,0.3461192730158088,0.3587662336436208,0.1835449740540402,0.34212395986192,0.4232062399176526,0.4662855632347691,0.410932916793479,0.5285653517473359,0.5284349597103697,0.3867477085370165
0.0939566608845116,0.3457929191780609,0.3644928041023966,0.1881644991365142,0.3555420392328235,0.431928914528923,0.5000629900796771,0.4306425588992776,0.5409072918184777,0.4555704244735859,0.4029741152821497
0.0769673038372612,0.3529868713974076,0.3315317353540537,0.1718473534337811,0.3595034676765465,0.4358935270351808,0.4528020238869901,0.4332821955945888,0.5493580611489373,0.4702655670349147,0.4152246316013344
0.0829713609138706,0.3569508881186856,0.3321731885281213,0.1823321603496419,0.3470873007158484,0.4533739981534153,0.4763863745689626,0.4445930919791369,0.5411050625608649,0.4785083640378609,0.4611504844955336
0.0837377116359381,0.3592352079131129,0.3573371933830693,0.1988100017214956,0.2970728529334385,0.4452394722682306,0.4934654249812804,0.44672141751321,0.5641690374683535,0.5164997953511747,0.4520079604488015
0.0631608031746182,0.3356096109581587,0.3270356503471845,0.1780850383079611,0.347466434428309,0.4587950247131824,0.4947581008739835,0.397135777785421,0.5504690660766413,0.5215493414691131,0.4708527590853121
0.0683020980447714,0.350082497989276,0.3387645700099014,0.1893473981422663,0.3683701221116068,0.420067877386276,0.497160775711164,0.3981046793772633,0.5103436762713399,0.5017995618785275,0.4447046635815479
0.076327669313429,0.339779443686826,0.33585365256265,0.2018781920360148,0.3442176212073457,0.4017516407427604,0.4792932398513442,0.4489179399993639,0.546569289965676,0.5080283006671522,0.4690963704795975
0.0537945199643341,0.3168728964983445,0.3540741339632482,0.2187332593608352,0.3662940873826472,0.4175296654299865,0.47793679276167,0.4957935937934284,0.5535478894713252,0.5256309043310463,0.4646823980050201
0.0574397358384701,0.3283682602120574,0.3279716440668699,0.2932826319037231,0.3710729332270969,0.4333734381658075,0.4630389695574602,0.525122858960627,0.5749522202562758,0.5303637074504466,0.4772032783274828
0.0586385588474589,0.3250460483179916,0.3479155917585438,0.2695129208504057,0.3663183317116014,0.4379073469315324,0.4733526798517291,0.5274019138033339,0.5049730547315157,0.54402510737587,0.4335619375913646
0.0188868111703668,0.3019783486835442,0.3213950653718088,0.3016153765402347,0.318239728648161,0.403809800089364,0.4676004607226682,0.4386706180985142,0.4827437554407602,0.4776634080818485,0.4586710787490529
0.0444950202335478,0.3031117563247915,0.3202116235700001,0.2844334002620904,0.3212486756448663,0.3865697982665961,0.4991765937823589,0.4239597882471883,0.5035350398061756,0.50623131166478,0.4341591508388048
0.0579803810115975,0.3126947712346338,0.3264128529012072,0.2892506414633351,0.3302991738367898,0.3951258340582797,0.387008868084095,0.4424023443860037,0.4396256520607003,0.5088085200098843,0.444501204634859
0.0655487276380876,0.3195591724923945,0.3232042206335065,0.3029933717674173,0.3534070823777017,0.3933569251744895,0.4252300222935556,0.4881324738100803,0.4845438578225072,0.5183029920420901,0.3930764180363451
0.0524155659127982,0.3353431329989819,0.285731060045358,0.2721951579817497,0.3323284373739962,0.3919515991055507,0.4377200739219472,0.4706424365836209,0.5036411005349719,0.4961043779583463,0.4326023782269137
0.0570791621401748,0.3444093939064797,0.3039317153195956,0.3449939931452581,0.3577581003819635,0.3993751493846699,0.4723092558674723,0.4481518009516975,0.5430296390957188,0.501894186158225,0.4449446229751079
0.0552945197873697,0.3400959273063832,0.312725665148729,0.3346774662835657,0.3744390199356512,0.4061565857788234,0.4949579973146692,0.3615984941507104,0.5390656460790028,0.4367050826547356,0.4733895900678845
0.0604363852167205,0.3424705090135843,0.3194025359807357,0.3373955239029497,0.3587656855151361,0.3952376198686231,0.4826869666015073,0.3906094286079261,0.5841635233611129,0.4644714174382668,0.3746365424411799
0.0536937644372533,0.3426630065643016,0.3241329694781828,0.3016637892185422,0.3664438206414229,0.3987969656234763,0.4775418784409008,0.4373481771556367,0.5991686800643153,0.4839746661353237,0.4641276128506404
0.0559137720138379,0.3271093718341731,0.3246657537471483,0.3029486782920536,0.3835341608191918,0.4369194989206659,0.4513395482891573,0.4583884747269563,0.5428584808625667,0.5155586489433546,0.4693343782288036
0.0614394609849623,0.3413823121069419,0.3278912404511103,0.3176107708709311,0.381216851938003,0.4234355048415186,0.4910291726346678,0.4678293288053418,0.5303531059256659,0.5060915369053351,0.3716036074652813
0.0611023359077436,0.3427531931651802,0.3221202811130139,0.3251720557774358,0.375357786959776,0.4516629662455528,0.4927458561196747,0.503179222583751,0.5574714709890471,0.5339532325771449,0.43521793118206
0.0452511227110581,0.3207967233513512,0.3174631626940896,0.2591158004884984,0.3802450437379729,0.4407639305177223,0.5100470934899828,0.4503588898246627,0.5498864779110438,0.4969094629926435,0.4730726670824026
0.0509808959004225,0.3247836355467923,0.3253984683694942,0.2924414292948328,0.3078388904602153,0.4567885896054319,0.4715697152452604,0.4097820243960128,0.593406812669458,0.5311743257092449,0.4672255432470238
0.0504215890284519,0.3079468280922546,0.2924691176974092,0.2970276081031566,0.3379773153711153,0.4385507779961612,0.445811919965363,0.4364657475711546,0.5349656540529708,0.4536518947831516,0.4706035709638239
0.0364785770579652,0.3218100052847962,0.307183243916621,0.3016612034036754,0.3139026716424537,0.3822905810620516,0.4663869869583316,0.4464973896505884,0.5687971423248122,0.4862291879813096,0.4041113311866991
0.037096265902981,0.3298599060907684,0.3111232323002075,0.3199876254883816,0.3473285324213298,0.3983125610995638,0.4939285838758926,0.4853840514402732,0.578430247841027,0.5301616590018163,0.4443043267329982
0.0463104932349231,0.3373319438475113,0.315088501067699,0.3025581470752539,0.3363494962277967,0.3682843279473549,0.4442927471031787,0.4925313884958112,0.5508042473161208,0.4446776760328422,0.4782736470489036
0.0520319915704013,0.3495244260681762,0.3264279626450618,0.2246423155790849,0.33258052755889,0.3700059108211457,0.4485043536970708,0.4288656186855966,0.5133248191585418,0.5034352182902456,0.5020320346788065
0.034857038011846,0.3428443598336426,0.3127708191301937,0.2287760229402981,0.3611165903110247,0.3692903567978382,0.4347880703764706,0.4219437956672252,0.5543024116655795,0.4162974570587653,0.5235780686727063
0.0296259241253607,0.3451070176869115,0.3031803716277515,0.2397563919151651,0.3781610867715371,0.3744661734536441,0.4050407871291777,0.4373450210602955,0.4047022662562171,0.4415928692668369,0.5341683830958506
0.0303031393794265,0.3411281934992879,0.3149480594171941,0.2362276690112665,0.3829579894464864,0.3797025305429907,0.4169561170886831,0.4064673937737923,0.4772043963976474,0.4718886509240281,0.4577229437838693
0.0289813157894597,0.3353783885162801,0.3157445820745387,0.2460904821658579,0.3606513685991127,0.3811404833693494,0.4461247900351207,0.4320026687846948,0.4979860022473157,0.4389879496145333,0.4868009056593869
0.0310859992836941,0.3407822472115066,0.3230522955439628,0.2229643485479121,0.3462686181719239,0.3938934022579313,0.4341939172397753,0.4723208197055681,0.5076016580226833,0.4744195117269915,0.496842020369079
0.0335165639854749,0.3449309506491914,0.3269744406473518,0.214965974729708,0.2965410545626296,0.353564843500565,0.4107011641022321,0.4723211855336368,0.5275653619649783,0.5166166348202004,0.5466095140187898
0.0147658363650119,0.3337556544931054,0.3314729730263234,0.2383584438612764,0.3455623777027173,0.3536077700416553,0.4426586303275112,0.454799690560155,0.4890697623849445,0.4807532316161587,0.475980649414807
-0.0047735210091363,0.3325463590833215,0.3372229167572946,0.2478844835509899,0.3608075304787289,0.3951006764209931,0.4559018894071863,0.4541912484990594,0.53331747472978,0.5256828657069532,0.4009322023495765
0.0037538174043539,0.3042375435195711,0.3128917794063997,0.1971913488547558,0.3122720020692109,0.3718210445628704,0.475457966061491,0.4802896544884113,0.5499521939870493,0.5062505875803196,0.4654327354571553
0.045104730604291,0.3873365414569045,0.3348665015521914,0.1994980208059185,0.3464196429852663,0.406582465235858,0.4486746274005745,0.4924400305599827,0.561723338046902,0.5225337799026373,0.4900756056466578
