Mode_1,Mode_2,Mode_3,Mode_4,Mode_5
1.0,1.0,1.0,1.0,1.0
0.4530736011297571,0.664199680302063,0.7496756809043554,0.7521083483165284,0.7768996445474331
0.4538279450988083,0.6994241863342794,0.7116193850889685,0.7538780017579378,0.7701720341242299
0.4502993679700393,0.6541317497022552,0.7454801694209784,0.7670837428026892,0.752014547066493
0.4441244622806223,0.6687232050523878,0.7653578657031749,0.7443650274338921,0.781169183127455
0.4518357348718249,0.6664728155915062,0.7497476242518232,0.7449428255630495,0.7780669783855291
0.4555035033214878,0.6691321015422471,0.7131203454946137,0.7262311349032664,0.753183699831931
0.4548558145169072,0.6857309939732946,0.7095708452537441,0.7240435951647475,0.7612874458025444
0.4434533086125415,0.6733281869500984,0.7419773053021165,0.7711702878887452,0.7798518995137033
0.4508917320141163,0.8054795627686228,0.7869959140241386,0.7264274655222983,0.7543453850282228
0.4397472025443163,0.6543851579241948,0.7229532698782671,0.7690695630773633,0.7524850236849895
0.4537471193224291,0.69250592354977,0.7351123814835947,0.7291743984013559,0.7728789031351577
0.447148331445511,0.70074523995447,0.7557736755301094,0.7191221766316266,0.7506669824458998
0.4604202562149073,0.7436253696297075,0.7849425786269766,0.6918278600919422,0.7668720253075544
0.4495460576821768,0.7677379931846852,0.7661192792680703,0.7442880667133596,0.7478674713649129
0.4543510013307401,0.7713204811106424,0.751967291720365,0.7525620468118559,0.7606117312637976
0.4574978922379247,0.7967736155530128,0.7909258071246764,0.7510516880945771,0.7526238291112004
0.4447022321944886,0.6599836631084213,0.7474136211733564,0.7242944152638894,0.7356602968089732
0.4618232271669995,0.7776159746026863,0.757217099436562,0.7069879813113527,0.7565110830623019
0.4688071928919953,0.7944131886565101,0.7798895589917796,0.752366358391685,0.7411233053805255
0.4531457110911223,0.71433882718294,0.7634023986301275,0.7232874691188917,0.7328913404460435
0.4603612776613521,0.7110768558955144,0.7721214825437028,0.7521974823267787,0.7365967504482392
0.4722240282580828,0.6794880196620334,0.7580206903115746,0.7463769944190262,0.7583077985194357
0.4746307680186503,0.7836963094290882,0.7620196621022957,0.7577075132773724,0.7370426254002451
0.4699086856612675,0.765226513852549,0.7737991168816178,0.7131635246341348,0.7321071070736213
0.4700012112978748,0.8035937405255666,0.7673193369712268,0.6837735177128812,0.7458491404754407
0.4575391271690965,0.721253270453048,0.7927803621747654,0.7197095284793984,0.7497444529508694
0.4501779743781902,0.7942142794129811,0.7721720493149887,0.7139259423623847,0.7354651220540397
0.466824994909261,0.7489423346568742,0.7775084274997563,0.7557618934868006,0.7472629020478186
0.4618608578183948,0.7280402733925395,0.792491214714501,0.7097318371411575,0.7616392961322302
0.4506412592247605,0.7883751277997603,0.766211196698347,0.6674449592094915,0.758187822168547
0.4682098319985232,0.7381865412301538,0.783639893660213,0.7280139439395139,0.7624781413983592
0.469974603649808,0.7413462712027873,0.763545240345948,0.7020655712123084,0.75680758618074
0.4493210535978788,0.7890652405748539,0.7449939318389707,0.7122718210937526,0.7730713977310638
0.4597859117978162,0.7187507306716926,0.7580496345204594,0.682451326828363,0.7273913327381338
0.4570848626453523,0.7322112947347953,0.765582281293291,0.7406909041375487,0.7660961946424166
0.4610035386514574,0.7527132774637768,0.7654496828458571,0.7203447639411892,0.7625597425896019
0.4531860925776533,0.7774119877162662,0.8101528302877126,0.7086641871594614,0.7489639301357588
0.4693110194434597,0.7382058322468708,0.7826844791635168,0.6939150560126596,0.75940421837396
0.4122558102352547,0.7503971982187002,0.7244904367374211,0.7156480161302913,0.7242823594888238
0.4452036036203502,0.6750065524647493,0.7323764721367156,0.7413674426040107,0.7176787497426375
0.4593728417934171,0.7578327076953062,0.7757435998348787,0.700085011648536,0.7470176082589746
0.4487734811554301,0.812189777212267,0.7743249685089685,0.6954019110373341,0.7659282830351838
0.4506075586076804,0.7302313830210758,0.7831538577688307,0.7257922210338176,0.7490497556966466
0.4649667702099136,0.7282583086301989,0.7528463362754291,0.6576017598394979,0.7528446975949281
0.4545981436266411,0.7677260597714911,0.7942253037926854,0.6848980329674556,0.7526676901777125
0.4497585518456216,0.7042049806622601,0.768717449971,0.6962729550108235,0.7464612050438147
0.4516367304511789,0.7453969819634572,0.7671280459982901,0.6953354017607449,0.7756378910660624
0.4434010243050135,0.6787558138241535,0.7527488611031948,0.695911550756292,0.7421981492994797
0.4580248028172189,0.7965101542076466,0.773120565074205,0.688842448505823,0.7369273848162002
0.4418881597590402,0.7461967270134556,0.756289917823518,0.7036113297133216,0.736984017442418
0.4527890784025669,0.7002704590898551,0.767569140137776,0.7284836830601157,0.7408202039313472
0.4612633448048156,0.7558377049283861,0.7601691499664941,0.6927581567330732,0.7550763420994644
0.4453889033978667,0.8058412473521464,0.7727228621476951,0.6695772883087001,0.7575686509609606
0.4617173112164526,0.7424119723856455,0.7816165645388519,0.6968858075032897,0.7372925120008834
0.4418631555253174,0.8055152222462935,0.7811047537283091,0.6959868195409528,0.7429366112601838
0.4602148052891622,0.7686751674531067,0.7623798297030588,0.6811231823100233,0.7600276128831357
0.4477827726424134,0.7356728048983111,0.765371480392174,0.7031501347883585,0.762214940851257
0.4553980185006576,0.7178867294451943,0.7765515620367934,0.6900366013033605,0.7631103716274517
0.4622236580810772,0.7148905480179182,0.7650406733548075,0.6922256067680335,0.7355439200502181
0.464681646671851,0.7609788121330036,0.7771410516247372,0.7010442244381652,0.7227395051345884
0.4487371798371978,0.7814700181496557,0.7684716208872785,0.7042554824183801,0.7428857357621359
0.4480649411997787,0.7275519915715861,0.7912711094402473,0.7063625816222214,0.7693983048581962
0.4503350953632029,0.6696769625480714,0.7187042602816683,0.7466806536446945,0.7370955843188832
0.468624661464562,0.7933427699544109,0.7754818962401073,0.6914391575344372,0.737582298841612
0.4485432550871549,0.7860018290600833,0.7622662633230312,0.7050060122922046,0.7669892377614712
0.4618467126820466,0.81054162644178,0.7766400435842926,0.6975057042600272,0.7421845374075745
0.446263252036648,0.7884971783722807,0.7612827913421973,0.6942086708172712,0.7674113573609773
0.4500359064346597,0.7212003849132895,0.7678165918341392,0.692903217927536,0.7424171330657833
0.4335187763625346,0.758426667337555,0.7640146015069258,0.6792992098161409,0.7396542078121068
0.4439452939993905,0.7347666642173873,0.7965557949121062,0.6844166421825152,0.7414945075866837
0.4475989834149997,0.7645597930183952,0.7682541474134436,0.7015036909526731,0.7651610802627812
0.4466424255612601,0.8030429774631679,0.7548709077965587,0.7043127786873653,0.7540423126987291
0.4388101928933376,0.6782398998486454,0.7514173885312628,0.6907004012858804,0.7614086576823804
0.4499147467832071,0.7755875967066287,0.7556512137361536,0.6928837603860556,0.7614690796494216
0.4427834161808465,0.7336514891179505,0.7247027196526076,0.7002614076435304,0.7326910460224365
0.4512651564126185,0.7968908074698183,0.757473740197629,0.6936149463414384,0.7439151949965433
0.4401174171727256,0.7726766976406422,0.774468559352962,0.6766645275186672,0.7294063852688243
0.4624797548652775,0.7486051259066367,0.784659084289615,0.7182186481238659,0.7657126996371174
0.4520120224463158,0.7365744221963134,0.764758171734215,0.6987603655247784,0.7478188750729153
0.4414786658938486,0.7763377462905665,0.7575297228270444,0.6973738634255864,0.7631635428360355
0.4706193522950401,0.7974081308461706,0.7689261669716833,0.6676535719261845,0.7441757080673619
0.4648997165963278,0.7769200165509257,0.7843157072560184,0.7109042067850017,0.7478688984650844
0.4388785481681375,0.778932919212718,0.7445122696274279,0.6952396182105527,0.7571350619603627
0.4472804703732848,0.7874318729385306,0.7720707917266838,0.6836424941218564,0.747809269467772
0.448013868771427,0.7159653833416778,0.7926282581035076,0.666727868966824,0.7330102578863654
0.4417096341038979,0.7533488609024316,0.7724133254878388,0.6927021447330206,0.7161492539298853
0.4508032498435543,0.715439733798946,0.74471199192079,0.7056130159786429,0.7342112679250762
0.4419549042792808,0.7592901977075275,0.7721521639059813,0.7001628318219039,0.7432214889524265
0.4504092248128401,0.772549143176293,0.7672821725633988,0.675399732730377,0.7328490760505423
0.4452143395212827,0.7128105349237509,0.7977685282239713,0.6857079398364251,0.7490112274826798
0.4476180955641187,0.7224045851509802,0.7617506748884219,0.683068514045092,0.7497880562359638
0.4503290756985108,0.8032501645957805,0.7692939480383391,0.6893389904092311,0.7404385595751246
0.464600783862579,0.8229062533357998,0.7598658164497549,0.7105529641458131,0.7492795397731934
0.4468396080320873,0.7528446258735519,0.7794208839252057,0.6981634024985663,0.7674143779844576
0.4401433293625275,0.784000440609045,0.8016176893983179,0.6914270996282045,0.7553583716541026
0.4345987226398896,0.7740119603578461,0.7989391781375507,0.6897837677789085,0.7517407466801004
0.4473440626256117,0.7409887386249226,0.7809039935896981,0.6818752862213456,0.762298927807627
0.4529830377844916,0.7768293797836314,0.7639389730618025,0.6870835972404103,0.7594700844665718
0.4275180224250762,0.7380699294936139,0.7659515019013655,0.6847162338320859,0.7890004383411048
0.4436845157682326,0.7742294338811869,0.75328988796363,0.6761944148654107,0.7415185633414233
0.4420753042101321,0.7795492981400632,0.773277870077651,0.7003777141376331,0.7422106496536129
0.4288892152416549,0.694410940185869,0.7677814816782945,0.6991133537613284,0.729399172744983
0.4445085478879534,0.7609891823708341,0.7685760653964271,0.7014994387913298,0.7493068467995923
0.4501816740310329,0.7681247556350914,0.7845067065410783,0.6853633109565058,0.7493039573840337
0.4343119196284568,0.7828682262134221,0.767028181134406,0.6606946462688333,0.73766981674701
0.4425148877528814,0.7740197977279969,0.7581212790301245,0.7254759412611678,0.723618172855721
0.4333890224121663,0.7543950746253376,0.7799410005935752,0.6883225886875446,0.7252784899257733
0.4348129634026115,0.7169428997580438,0.7662804450008018,0.7105127204816782,0.7541960454255066
0.432222927313072,0.733597278423784,0.7616391696623979,0.695831112237311,0.7347936921521231
0.4357449852220987,0.7406116375378284,0.7424161143253585,0.7042821132387899,0.7580966883335701
0.4242087994073216,0.7643571866925325,0.7836485817788033,0.6917246959524818,0.7576797009197901
0.4316898395601525,0.7652843111263146,0.7896083834740407,0.716961993584449,0.7222270330386095
0.4321292471775403,0.7415114931977406,0.7523927153715768,0.7026398446422379,0.7410089642050416
0.4520041908394362,0.7373339367373796,0.8026489654872918,0.695157825354996,0.7521073770118554
0.4447694846979926,0.7797292424367199,0.7935859364844684,0.7044934197313787,0.7466395690177824
0.4608375494200935,0.7139127801778538,0.7834623056570827,0.6948968541976828,0.7434203641332209
0.4400639671155941,0.7546808164177898,0.739999824719855,0.6843583782080331,0.7430758645907075
0.4465314764897313,0.7802003151997915,0.7881287655774559,0.6894930065408562,0.7364898824612147
0.4332328019912628,0.72931774676831,0.7551083243485692,0.7036769667520721,0.7273606878250564
0.4333186060684873,0.7052841520795411,0.78251710817256,0.6783084207179718,0.7544495178266013
0.4322281484458034,0.7297545351550255,0.7437165594014071,0.6611322925813652,0.7320325443800962
0.447121709464943,0.7796925927969248,0.7750691705154623,0.6746867336508644,0.7292352857575153
0.448932681182221,0.741098237263548,0.7753385418603151,0.6996072172789946,0.7504357775869359
0.4491536687025722,0.8059996365008733,0.7617400748577287,0.6907380991635496,0.7506261745588098
0.4365740376242955,0.7077181152674735,0.7588680864613787,0.7122536653972815,0.7481980812743121
0.4394435818413435,0.8078290611237346,0.7774875820885527,0.6732459783666253,0.7515908718001896
0.4376526039214302,0.803333740266744,0.7697090079673762,0.6953898683075785,0.7447734599708201
0.4417625936635225,0.7861640037700248,0.7444216704220876,0.7042005973342589,0.719891964181554
0.4316696833711956,0.762449895854439,0.7693927284248651,0.6935352763879845,0.7613985478394448
0.4311422817612567,0.7581800774317183,0.7831599182797889,0.6958657075384025,0.7553130066091044
0.4468850641060288,0.7649384465408071,0.7630424469257575,0.6752248094000488,0.7362382169906134
0.452554175638629,0.7050960466355679,0.7858797478389017,0.6861414689264704,0.7313110346717646
0.4377671285355961,0.7535554897883265,0.7537813164077856,0.683702096571306,0.7458708312663673
0.4304364835841125,0.7637424250099323,0.7469291332658069,0.6862150155415437,0.7432011600697205
0.4282676282303099,0.7568112362313223,0.7641954166970165,0.6847170734369562,0.7343122730573443
0.4415134176361812,0.7601417812712876,0.7390142300485133,0.704355263997512,0.7605120674389483
0.4349769185074307,0.7594104944377855,0.7413050358534353,0.6802324094651782,0.7489511118893962
0.4477322896975942,0.7975775808115323,0.7616465939194993,0.6810361963204764,0.7455567499488986
0.4413733673236151,0.736899211600398,0.7593191542029171,0.7208815467809392,0.7443258179987658
0.447421307793216,0.8035930313708836,0.7858449282624332,0.6968651130928447,0.7196281992031354
0.4492575670479325,0.7594977334863672,0.7578111050019612,0.7017303137416774,0.7288194951824863
0.4343669706212713,0.8123278696980692,0.7594245457050319,0.712646028553405,0.72591024660406
0.4386838834834929,0.7352458746798053,0.7674561917459006,0.6839874553202323,0.7335850261218756
0.4257750468158913,0.7726308539876903,0.7456215125221258,0.6870265887425508,0.7465145108250925
0.4435058286692099,0.7095495933015655,0.7466089672690928,0.6929137360429407,0.7425034779352183
0.4527673216453448,0.8105084941269982,0.7895060129945148,0.6811058223135362,0.750976381297361
0.4286177186773016,0.749582965391464,0.7589505613448322,0.6951711976617304,0.7528846978905301
0.4578295370413663,0.7965085437465625,0.7740127455719631,0.706822917714416,0.7640170548107608
0.4557056109709272,0.8157794182583856,0.7852641907454895,0.6649505469247331,0.739678944872243
0.4425294644143694,0.7976259431518451,0.7641239058131871,0.7065313040338519,0.7441538747598696
0.4458751222470833,0.7455556011032456,0.7553652553812555,0.6753973541499899,0.7258326221953111
0.4341704704349368,0.7059913608648145,0.762530921195756,0.7319805311149545,0.7342741556883062
0.4369561421178933,0.7657080116403633,0.7515372485156585,0.7135356866771086,0.7588176899138375
0.443214065591606,0.7822329570182264,0.753224238207088,0.7085195012720087,0.7476590122802833
0.4358554631589599,0.7425661779900233,0.7544353754012351,0.68920404640369,0.7676050544302405
0.4491090098964239,0.8087873659922321,0.7753805443542066,0.7001590880752357,0.7442093056561103
0.4532161663840609,0.7599254728619267,0.7769017575948102,0.7035050149107505,0.7362152680686495
0.4423809405279375,0.775681577156955,0.7656555448316377,0.7080297849394563,0.7306315897531
0.4475755227776916,0.6446512104910219,0.7657781141641355,0.688677881654056,0.7247445179672476
0.4410372127577856,0.7678335095149726,0.7745911307488184,0.7080771454814507,0.7451741000535747
0.4209420595507303,0.7253921246692826,0.7484740698839294,0.6993302286323035,0.7362023798654354
0.4220322550477778,0.7386855393189576,0.7670918879510666,0.6703873408729994,0.7497474842610465
0.441670996036764,0.7029056582439093,0.7921484052876865,0.6933345990498732,0.737850703238487
0.4527722376932011,0.7573740156543478,0.7483185452078751,0.6972049329510404,0.7271627371210447
0.4436807383945289,0.7464970974013445,0.7580388884857989,0.7024959136930261,0.7391574856360192
0.4370830203305548,0.7470220656763855,0.7572457593055831,0.689986009052274,0.7394780119031396
0.4376266168217795,0.618995535583868,0.7619360626404084,0.6922849092722292,0.748632727386896
0.4477330877912269,0.732353487232784,0.7656125793614053,0.6802701833534177,0.703274786815015
0.4296873567564123,0.8287462831261474,0.7585064143829938,0.6964112241131772,0.7359788248008459
0.440318553856602,0.7844400076974708,0.773903175710505,0.6823098730369997,0.7421914792884815
0.4340291475394001,0.7154895078533701,0.7874081982539657,0.6579432986071041,0.7290163665649066
0.4652149220146706,0.6874446876253077,0.7932332343308194,0.6987989391363124,0.7428949045773827
0.4542230714073313,0.7871951382384837,0.7834715350913612,0.699417573399666,0.7379503992593234
0.4502245070114227,0.730127609391165,0.7417371785917669,0.6905026967562821,0.7304714318379658
0.4375891929712118,0.7696080977850054,0.7640949995091887,0.6995391553391982,0.7314561078247988
0.4416626547780287,0.7683428865758225,0.7431217996747375,0.6781026481077884,0.7275831646762497
0.4423714508759543,0.7437706802747583,0.7615910505442366,0.6993527901110522,0.7503253571863934
0.441056582980779,0.7826838266763412,0.7661356939293179,0.6947427262834124,0.7156303482335206
0.4467788058569785,0.7268739666586899,0.7484042031828334,0.7049811914497928,0.7551964527627384
0.432125277542646,0.7592714288820898,0.7664766750366381,0.6864130120948867,0.7422180876403198
0.4329941751654537,0.7585952392321119,0.7717042602250368,0.6828486338359817,0.7362774302643885
0.4416184733086611,0.7974144172630916,0.7578177091232691,0.6942001292232968,0.7407440235663292
0.4345671738546092,0.7368664652717942,0.7498910926401507,0.6950781606841424,0.734978054118332
0.4448996477672206,0.7442710929266286,0.7551643666226916,0.6823630747768168,0.7540395843325669
0.438820826344503,0.7451402818207206,0.7950206828086347,0.7039540078832864,0.7435360341766623
0.4396903064668537,0.7427046550022213,0.7574054970682024,0.7098211516652558,0.7431247376893779
0.4362903369144684,0.7346017231147974,0.7919679595411987,0.6914057902793599,0.7393974139110169
0.4365251377689955,0.7978691841539362,0.7980665019889197,0.6965518433581908,0.7567160277725303
0.4283662328006805,0.7223554278136878,0.7531451144070982,0.6922094316281944,0.7562631309326825
0.4613099493560386,0.7512253648061198,0.774356087167448,0.7018969699903689,0.757201580503765
0.4315353866823678,0.7223285056715754,0.7441251758929429,0.6680112502559239,0.7356643294901082
0.4341341625548481,0.7444215653828669,0.7667178715002188,0.6771162949632918,0.731104217906257
0.4258622351997712,0.7469788796778208,0.7434944701874227,0.6732914400691844,0.758061133345826
0.4279818987061925,0.784817418919691,0.7481847174933643,0.6950662580972441,0.7489202530381259
0.4426318364529389,0.7519823293643692,0.789941016812081,0.6693548852654989,0.7174820658266049
0.4393844613812931,0.7764173385920476,0.7606814637974827,0.6937772745171094,0.7467576539581021
0.4485593481263579,0.8044864264350596,0.7754680156663183,0.7102028469478472,0.7371205919761576
0.4295571276655862,0.7742212678608458,0.7450367496461203,0.6629377987527574,0.7437935488553722
0.4517605293762027,0.7573569394483076,0.7412104699526194,0.6934443484234889,0.7311834930465886
0.4467389188778217,0.7402839605658129,0.7478003401756119,0.6901284961114662,0.7397423196941314
0.4351007244705384,0.7410065487797931,0.764273062700973,0.7009827898385353,0.7429662321083261
0.4408408104446412,0.7805682638505493,0.7740562981229796,0.7006192644656096,0.7572111590492566
0.4404511916708385,0.7929861227538152,0.7597201953966815,0.6663887508469338,0.7290608107483387
0.4407360288354301,0.7805582920806686,0.7798489696600094,0.6723331964845174,0.727704771974817
0.437322918204137,0.7894760180316375,0.7455264246870813,0.668617907320085,0.7463285781241248
0.4355146835167064,0.7468975192995698,0.7802632631965566,0.6910895497137766,0.7408638540653661
0.4269129657862493,0.7019424044604428,0.773158607990412,0.6884208248670648,0.7516467322770535
0.4288072353916701,0.7641508582865706,0.7683838712679676,0.7058501351822923,0.7507876249461891
0.4398001232974268,0.7729520034881925,0.7707325204178559,0.6845536831703214,0.7306032263344628
0.445748137173067,0.8116337292228967,0.7697291214880052,0.678667019526919,0.7395341093666578
0.4460424355783444,0.757691361818985,0.7640942056829398,0.664935833033908,0.7197788449692392
0.4349141230654342,0.723895340658559,0.7648677605864855,0.6867975829289515,0.7568328608022677
0.4426714853793476,0.7689497851799624,0.781873886394951,0.6686974903757223,0.742738477552286
0.4515321647215893,0.7760299486328298,0.7866832006328422,0.6831847463758176,0.7482777088560653
0.432215593719772,0.7066333424896506,0.777078965995355,0.6893915641446711,0.7571428076520393
0.4460795278159029,0.7849358797328109,0.7870893691923584,0.6887148234074199,0.7363974612076623
0.438662942744111,0.7684652633449196,0.7507773608491423,0.6882692955322253,0.7240208112678637
0.4453422481672269,0.7203408631302776,0.7840961846778242,0.670249595907626,0.7155397287360369
0.4364974437609989,0.7921884155802333,0.7498280355378544,0.6903714473338295,0.7384412040456096
0.4308616095188118,0.7644485278605359,0.7662194424646606,0.6825434963456934,0.7319383125826644
0.4343543962792002,0.6584064786081782,0.7685319509070174,0.6798542818248121,0.7626582454449558
0.4396973333571779,0.7059612028699214,0.797632662221031,0.6879435139248046,0.7407040081231624
0.4342594353426429,0.7028890404716196,0.7684685176360866,0.6798895452042104,0.7467510497910222
0.4308748933447393,0.7232588998607561,0.7598728678060677,0.6980099847571433,0.7383666992766272
0.4444271932514498,0.746481705602301,0.7599451188054132,0.6987995980607667,0.7308877102168041
0.4338586610791324,0.7478451413820973,0.7670570800105496,0.6867434926322611,0.7432004575714161
0.4303986887709016,0.7956471931229795,0.7671087269246967,0.7136021509528248,0.7579898362955586
0.4346836777163818,0.8142140318717007,0.7734722572481828,0.6893956403321257,0.7348211406444957
0.4379724393328365,0.7348815342833211,0.7748216957695864,0.7118022064118624,0.7278419086269653
0.4270487352256589,0.7275881534227533,0.7516386562325664,0.7076833345896093,0.7587413988155249
0.4367380564295401,0.739327010287686,0.7491903959594628,0.7037105961371563,0.7444353403456171
0.4254773267123761,0.7305311222821904,0.7571232673923042,0.670633342188407,0.7688606826314929
0.4346711108686077,0.8020346153288175,0.7762831187708392,0.679040699700765,0.7047314086110675
0.4218454993086564,0.7202027761213001,0.7723964684288922,0.6851978175608594,0.7698809299868572
0.4263640205763089,0.7511280577491133,0.7779832029425189,0.6902864059788608,0.7394604419249264
0.4399922344672633,0.7488982882897559,0.7781441896481123,0.6711530860701566,0.730026370387333
0.4325338996101099,0.7496904742029293,0.7782507292809677,0.676722828233562,0.7520953838674583
0.4356778113399518,0.7743775863946352,0.7937522191409339,0.6764231224593168,0.752434495837591
0.40326017018879,0.7411927668673578,0.7260116398284646,0.6885100850953157,0.7431414768508187
0.4332912169478803,0.7885281498986761,0.7594478027401116,0.7025569752624851,0.7487756428268982
0.4504879474698734,0.7369248533908963,0.7584097210540922,0.675557730894669,0.7331223617834369
0.4306870870275948,0.7637420710603031,0.7681851829428701,0.7096779174628787,0.7350750077806335
0.4174426454040232,0.6936398706887761,0.7650514435788545,0.6813849553885009,0.7484700649361817
0.4486073819278485,0.7504387746684698,0.7538843668559513,0.6638142094612375,0.7303537979131013
0.4302668594402764,0.8200915067122453,0.7485234304066853,0.6865907952735439,0.7355518095401816
0.4232580043310248,0.7294380439087795,0.7577049356650353,0.7019789950249079,0.7470440234897457
0.443961937549694,0.7266315669444967,0.7782389483252374,0.6880345678252018,0.7339442302513743
0.4318548536084315,0.7828485396760655,0.7830538888112644,0.6864316653870555,0.7167179283893865
0.419977240305223,0.716525453264873,0.7747063660766262,0.6702220155897025,0.7244988423619056
0.4264527971476095,0.7505398927647685,0.7510870984677456,0.6717409923449403,0.7387595796255951
0.4388072421581422,0.7864723251338807,0.7565906180690501,0.7139022903948501,0.7627176735226437
0.433290808939806,0.7544697170307949,0.7517919248967682,0.67694870682247,0.7535400321683572
0.4153522538344705,0.8037409366108379,0.7819803270305221,0.6769878454537935,0.7205736436170908
0.4156446413287292,0.7759540695405872,0.7785285347170943,0.6866292528993685,0.7337230166799737
0.4315560700508141,0.787805500021438,0.7608716422313924,0.6896041155305027,0.7305357251432244
0.4342079012495427,0.6743210040011657,0.7641730979990462,0.6912915866441318,0.7313263801470489
0.4412140787027563,0.706875136269419,0.7604101716624035,0.7082490552129571,0.7612040650157234
0.420615221106459,0.7231332388153677,0.7856677551759358,0.6797231445895776,0.7319265676766766
0.4175574006462463,0.7820835125553665,0.7560054148335499,0.6654540645256151,0.7515085598677681
0.4258930005227107,0.7747328859361395,0.7609378596229416,0.7000454099882569,0.7514255621900795
0.4325701598612609,0.754008792090324,0.7782627190930276,0.679325253444891,0.7563130678836267
0.4227356707140505,0.7613162909958948,0.7551845709313669,0.6832854383729635,0.7410350817448338
0.4414641099319787,0.7099058089598906,0.7652379854980904,0.698619034530441,0.7402301805558054
0.420506246074791,0.7171533693626366,0.7633433705429993,0.6821661463135685,0.7555594121532041
0.4262572939038858,0.7565351787512908,0.7663352604053572,0.6718976411870932,0.7465186703166328
0.4163292398515788,0.7622287428089494,0.7583254092643431,0.6671280469549885,0.7605230725842258
0.4262332189320061,0.7621328666294633,0.7324734187238962,0.6864007253070202,0.7285780416333024
0.4335334976175558,0.735903206569952,0.7603602312500461,0.6630520477103846,0.7253399265163475
0.4332616672898831,0.7214382848436754,0.7873099565471449,0.6694296260339717,0.7674778543922223
0.421032257429378,0.7234995521942931,0.7793342636326498,0.6790185252071088,0.7477689387990345
0.4163711693885377,0.7139768787942233,0.745327725393788,0.6943182144047052,0.7565244820338358
0.4288368071751861,0.6652950640364612,0.7373600911792954,0.6869933517743577,0.7301659067560133
0.4160480265905227,0.7410515369729542,0.753519161608594,0.6915492090175464,0.7369695933093957
0.4455100140124505,0.7610656926153689,0.7770519045369241,0.7028386850467742,0.7295687194212943
0.4276087190612984,0.7762205871037375,0.7483922889095865,0.7224137702714819,0.7455835681346148
0.423068236115124,0.7431193126490356,0.7548093382838879,0.6935667647967964,0.7583120321491313
0.4326645693586116,0.7938361053796554,0.7601150981136211,0.6846558185758065,0.741067947314201
0.4304405260687258,0.7839357030188148,0.7690487724753923,0.6801696186772744,0.7413423279985706
0.4425649404266319,0.7687583424403858,0.766855129923192,0.6749420819825626,0.7319357459208097
0.423451709485889,0.7560860503844167,0.7786881571766868,0.686766959450194,0.7170514860134863
0.433464885909507,0.7709140886638252,0.7606463056602538,0.6899391242143966,0.7437080786013627
0.4305689737455143,0.7758425194208012,0.7501771287262243,0.6962176216091567,0.7489224014668984
0.4388329008578739,0.7280117618103293,0.769867799400147,0.7082277722254893,0.7434988012493379
0.4452380280951676,0.8062527340118053,0.7960832223865058,0.6949158926159511,0.7470546972611194
0.4257197278434376,0.8101086838150765,0.7669842989447337,0.6692525755255392,0.7359199578892383
0.4184194858571894,0.7315812109765036,0.7670310583549053,0.6684322194709155,0.7307490324732437
0.4360149260979235,0.7981446622400198,0.7707399658078286,0.679804320068229,0.7233738645995602
0.4262027934243948,0.7797108416989565,0.7828798505145428,0.6951706359227634,0.7398640588039527
0.432657417440746,0.7361929839361171,0.7731001196555469,0.6947401289713383,0.748903471552973
0.4221760620944383,0.7152329095445786,0.7643922024245703,0.6842952679899369,0.7526814610057042
0.4265493498800157,0.7551819918948345,0.7465993269255963,0.6791709435500675,0.7406590391263047
0.422663559593287,0.7190370347121263,0.7541409203863212,0.6704442228585306,0.763927427132072
0.4358659209334607,0.7694060261411809,0.7941987594566139,0.6972385623333485,0.73200370496651
0.4170179150449913,0.7321184177070581,0.7635975812819736,0.7035687820588593,0.7661313931180067
0.4263042912358828,0.7622964749751716,0.7914741740575387,0.6862205448512659,0.7152413714205939
0.4257346116602861,0.7706528512900923,0.777124916705292,0.693046835257864,0.739237699914949
0.4339525693159003,0.77336178401693,0.7867196373157447,0.6644066622932941,0.7469264361963173
0.4173582777213105,0.7451420442122244,0.7663056991346728,0.6996024721075056,0.7455163556315662
0.4442853690922628,0.6915427327097501,0.7566597749465359,0.693629374364084,0.7436824224802638
0.4315622546262267,0.7405194805340605,0.75617713677501,0.7292935949516492,0.7363192199367671
0.418478507763787,0.7685540415407628,0.7630075420261307,0.7126704876250413,0.732093221020525
0.4210024871103808,0.7223628246571648,0.7902173962393739,0.696965242099057,0.7539835722748578
0.4067899044008059,0.7571222028150557,0.7616171550229626,0.6542763901793319,0.7456192474267761
0.4114759545641008,0.7300125664319788,0.7570642080177481,0.6953550687067709,0.7229832326552789
0.4218547740443442,0.7972638776257875,0.7730145342784382,0.6940416031131696,0.7326509555655123
0.4181173304646958,0.6986136843525294,0.7476359840519592,0.6831816900041293,0.7588075653445729
0.4217272931833403,0.7857817122628106,0.7684183779193484,0.7142534487552096,0.7632118424019415
0.4140687497572541,0.7420227746830258,0.7458515854210355,0.6903211364116254,0.7520691153004622
0.4293970396219917,0.7417758249738351,0.7389688054608069,0.6857253386632677,0.7356963093485236
0.4212224486409424,0.8004079018870474,0.7488221434406008,0.6669991169978534,0.7243133052146827
0.4189403233685017,0.7120151936527851,0.768941868711072,0.6966257392617986,0.7559461922965974
0.4268477390293962,0.7881231568243245,0.7800366372885738,0.6920227285358299,0.736910309534436
0.4285959958199233,0.7634498216579921,0.761570611712926,0.698166754249542,0.748131005505252
0.4370517750476829,0.7526328436357517,0.7383793473375916,0.6749377992640968,0.7443148329067681
0.408995274675977,0.6676801408036055,0.7602026778910124,0.6869498353450658,0.7336508287042776
0.4183699709215017,0.7052801217430212,0.7830197484083512,0.6789659313466032,0.7562185962379335
0.4236977463156465,0.7505753629647267,0.7419482069941087,0.6966459596855937,0.7436879126987894
0.4207933839836567,0.7873135061414973,0.7634366633277746,0.7008854554862551,0.7431526567816594
0.4276488430068241,0.7702799971615155,0.7556103745561832,0.6659948941747428,0.7425155213002491
0.4305048501680876,0.7237967188723136,0.771108174014749,0.6920658849552198,0.726608992269092
0.4261289428251588,0.70475529126374,0.7701261195262944,0.6726170907013793,0.7554695554814864
0.4179773879757819,0.7687589782869539,0.7644217167263021,0.667688457395455,0.7423795048322138
0.4164986538989786,0.837060682315469,0.768204254331902,0.7284167002031264,0.7544856743441963
0.430747251519019,0.7805187725942185,0.772301400479267,0.6919687426570816,0.7528929952747141
0.4263097262924739,0.7091593034371637,0.7554398291985206,0.7078787312648945,0.7482081164230895
0.4291248464447517,0.7510253601646615,0.7402591025701629,0.7069353035322166,0.7515415874543137
0.4214912512741092,0.7109035021556693,0.757143373848342,0.7027290492021557,0.7615969199266672
0.4365014244395216,0.7952491833131595,0.7645656983169254,0.6923558533484372,0.7342563602854401
0.4284452285676183,0.7980249357330778,0.7687121597762259,0.698649893695416,0.7359754618275681
0.3970134652168305,0.7763239699764565,0.7541711284999576,0.6773317880512696,0.7420801135924185
0.4355015873011598,0.7165443447762364,0.791545084457622,0.7005454299434918,0.7322030607583812
0.4213127198695982,0.7423071557211891,0.7759255218881689,0.685459789764457,0.7328871270706814
0.4307414314244362,0.784251365141879,0.760616922923916,0.6814151990349362,0.7559160186349771
0.4186419961544731,0.7294626650917032,0.7608633028698735,0.6952921063805849,0.7519457157883944
0.4158975915884342,0.6519499319535078,0.7539779148774862,0.7095439298669921,0.7460872920244318
0.4114724077581693,0.7532236308704366,0.7421726293347706,0.6575349986513243,0.7438438642607499
0.4138041850373402,0.8035374278252875,0.7505483521806212,0.6866467044620974,0.7436433204789014
0.4205000220514945,0.7591162355707134,0.7643488318043615,0.6986630816465071,0.7379634232738153
0.4179740272103276,0.7125232117140257,0.7515033597304236,0.6938022762656078,0.7462761437360133
0.4316951147290694,0.7851363602045537,0.7775933630716849,0.6674968898422962,0.7415303230850452
0.4139684408731822,0.801112052959878,0.7615355720148866,0.6780371534395152,0.7490764982397131
0.4189898581127391,0.7652960763624732,0.76068180912242,0.6996559426309868,0.7529409349658105
0.4358415053465502,0.7528500517584248,0.7498715740527722,0.6833052862004628,0.7509518410308953
0.4264420354465737,0.7909407200342227,0.7702439135475732,0.6929320069259968,0.7471138257260795
0.4151815586026403,0.7997257917590217,0.7354754942544373,0.6784692039361166,0.7498978348507119
0.4304370473806257,0.7464462297629845,0.7586492807366753,0.6760426878054779,0.7167352563393606
0.4087169374436729,0.7535413445531864,0.7776830988720587,0.6647053181087331,0.7469071175633197
0.4163605530338445,0.8073541495670773,0.7790525837942709,0.6821039376446364,0.7512985654934625
0.4157512302717044,0.7710253029479409,0.7606979546247162,0.6677561822207269,0.7381959276289188
0.4212491038486585,0.79476129016811,0.7649642747090845,0.6918113301287654,0.7603292995347735
0.4296195462767948,0.7866389681363,0.7602689509567512,0.6830271048529791,0.7317875017417432
0.4312774412983028,0.7606201855262499,0.745321298854134,0.699495323338275,0.7546327141345344
0.4242225954679282,0.7679492727757123,0.7565865935608236,0.6886197504639968,0.7517525306176036
0.4191882911015679,0.7717561357847162,0.7533855107755365,0.6716647175636064,0.7280665185200041
0.4183790355794418,0.7755372156423564,0.7664385549602581,0.7039741192714799,0.7431186609850449
0.4303200900273658,0.7737104635900456,0.7624823538821436,0.6954264277703815,0.7559716846208347
0.4418155356861123,0.7243403920429806,0.7726238847535677,0.68760637844266,0.7419171859468912
0.4283076704410049,0.7676471617114651,0.7621052242935149,0.7028336657459531,0.7456361721002693
0.439209439762918,0.7968880914214046,0.7691748412859004,0.6895735171956836,0.7313364047585649
0.4118407133029049,0.7720075980270605,0.7985637442154261,0.6862665072111755,0.7316153458017401
0.4282743904362363,0.7734472131659093,0.7709576561826008,0.70283050180057,0.7547924948947475
0.426714860523788,0.7393938001639982,0.7457584417350513,0.6737146337778046,0.7364473164985638
0.4206102990659578,0.7582872114373672,0.7766429163010147,0.6824814502241042,0.7464710399333496
0.4311644562337448,0.7755953008570953,0.7548844578934819,0.6828975070184516,0.7324149961475562
0.4276320522034609,0.7244280226952318,0.7512995429338185,0.7119357233956938,0.742845896256807
0.4324926255229373,0.8006114841240822,0.7756094688176959,0.710522048258928,0.7396687477223102
0.4359771968407082,0.7649220490029552,0.7868814138527394,0.6756872553331291,0.7509505355326994
0.4294275595332526,0.7943234785863171,0.7657711408135943,0.6896110913713567,0.7324526163407774
0.4241123235954271,0.687053296275,0.7548175402858307,0.6674485141235562,0.7390759207816464
0.4340698306780207,0.7881715003627168,0.7705515488325697,0.7120058806411731,0.7152165992817251
0.4305693372802431,0.753770570326029,0.7683807880220899,0.6857126583339237,0.7310540872356531
0.4222098628011024,0.7259431647663938,0.7794360518131845,0.6830021265907993,0.7249978035276563
0.4258865339962787,0.7720456297761195,0.7774104003562566,0.6692743521714691,0.7348315443007513
0.4371038509359218,0.7731457911741025,0.7489313477343063,0.7070180018438206,0.7329332542271483
0.4321119218802596,0.7244284731239704,0.7693743503073097,0.6912516646000961,0.7403011980514906
0.4335608021742607,0.7731579317762677,0.786324741522339,0.6855275214520645,0.7251864782947615
0.423088934867859,0.7653331399924159,0.7409984768930798,0.6700705351033436,0.7548179747640527
0.4228431083043336,0.7315256336195076,0.7657263265804326,0.6746231506764566,0.7398688527577763
0.4289687733307951,0.7241709798282666,0.755267990260818,0.6893437517977125,0.7389604780270828
0.4214576216085601,0.7559747959977143,0.7467613690324033,0.6923964232915593,0.7435330349063983
0.4339714781399958,0.7662356923580289,0.7545806857018833,0.6499759639643266,0.743528273962238
0.4332744849789287,0.7953622349726296,0.7596036036599945,0.6746957206893088,0.7377717891971853
0.4440429860080507,0.7662796874771016,0.7784505405730187,0.6881992382034897,0.7353136952464285
0.4387063490592337,0.7312695150632812,0.7561241655417882,0.6904061761681646,0.7345365157666618
0.4324828270232297,0.7511882026904715,0.7789795110264864,0.6919032557577974,0.7132874273339552
0.4369597077743355,0.7520716401774987,0.7672303861589748,0.6735454092907038,0.7398230029603455
0.4314061607059027,0.7843039456221457,0.7661599994463372,0.7003805654899514,0.7283044732070394
0.4436500675437066,0.733327954929915,0.7539324827994024,0.6881381829351545,0.7436080682794233
0.4169536782118237,0.786366257451013,0.7414265932821112,0.6774515431257232,0.7539159706365018
0.4166480895463942,0.7818132824857177,0.7638541839490635,0.6693983445469619,0.7436949746359134
0.4245935866038521,0.7368425879006265,0.7562781019845415,0.6872750193501806,0.7332115005891212
0.4294110498080927,0.7228946016456739,0.7645525597165443,0.6684805839524981,0.7520820413118553
0.431518395835785,0.783098416662322,0.7700989826557803,0.7107811975495837,0.7332285408400799
0.4355077268714217,0.759755182598282,0.7812464845548486,0.6821766508554605,0.7455004957562942
0.4271240764747208,0.7583050443786458,0.7860873916984659,0.6857838585191313,0.7376709427990791
0.4028382829800457,0.7761580561796116,0.7460406198734363,0.6720836980055953,0.7237085275346383
0.4141506934350218,0.6703032409977386,0.7669103804799395,0.6995509742193949,0.7286715778145343
0.4275024708620601,0.7419992842178241,0.7561531460068132,0.6997105612442771,0.7342502961512053
0.4371096241313871,0.765532961975852,0.7677637400741579,0.6804365213313595,0.7397819749218061
0.4135390466625195,0.7651144646356761,0.7534929766724251,0.7015584447173616,0.7331113278681746
0.4272850624393691,0.7972102849927252,0.7627783685251497,0.6756018953391787,0.7495719558538774
0.4177671279243172,0.7053581254129743,0.7692103367860837,0.6603387286710098,0.7340646722403346
0.4128403515972689,0.7291909912887418,0.7604378400956487,0.6799736324509112,0.7275245103919068
0.4296834524380721,0.7674303569269103,0.7632769583964368,0.6954509862301891,0.7515737348115767
0.4166089461288638,0.7689729943481883,0.7608397136254114,0.6851737756565602,0.7669172133290195
0.4091349261686398,0.7788988968560308,0.7623428670507051,0.7059272709964408,0.7526681252158779
0.4334554037773003,0.8107747278937021,0.7481513943070829,0.6747562085738023,0.7383416332495828
0.4309309017926046,0.7618021713969716,0.7650527307266528,0.6941306061018027,0.7547504985008521
0.4197096007189113,0.782367777115171,0.790626103346414,0.6891187249147281,0.7435368975853454
0.4066831194072727,0.7860506019687001,0.7540792189338009,0.698062896866678,0.7378325467926123
0.4048734593776493,0.7738455322773736,0.747187897654361,0.7002767208180303,0.7355932566759307
0.4043911655075469,0.7642475310633768,0.7546664995941109,0.6678020027771022,0.7367502096027297
0.4225241863373334,0.763738052853842,0.7536706325419906,0.6757127139194572,0.748491163479948
0.3961789239685718,0.7241924300839713,0.7668762465847513,0.6827926580416038,0.7328107009685512
0.4016163581891268,0.7878769439769172,0.7685546866083806,0.6953674150314196,0.728205989572089
0.425375519901751,0.7202583011739679,0.7613048907200072,0.6964995821775322,0.7350580933057432
0.4221323635846764,0.7396013566868194,0.7577463967685019,0.6984522130241483,0.7352958693318407
0.4279563151278875,0.7647556446992742,0.7540835108248325,0.6848049594052843,0.7401888306547975
0.4251004100752482,0.7959481435845651,0.7515357884136136,0.713984815632876,0.7320418088070824
0.4150199531199911,0.7739057732660005,0.7691683392126196,0.6904751004757962,0.7403934710984997
0.4169570246861639,0.7216222447292623,0.7462229378705086,0.6707820941226627,0.7440719431420896
0.429217435762041,0.7960642937958374,0.7460438054885322,0.6969536144859222,0.7347145778856375
0.4108970201748465,0.705593274692762,0.7593474486294162,0.6865619198248535,0.746997906330536
0.4309320592149209,0.8095019168447799,0.7879313155366114,0.6929607108355433,0.7642533664431989
0.4053180988458257,0.7269668466887215,0.751547504189046,0.7020908175734748,0.7459110083260584
0.437976010890087,0.756940027719545,0.7759148385485696,0.702843636332707,0.7512563952641147
0.433671704579362,0.7028601149844039,0.7810122264855447,0.7243924538054836,0.7597585896619509
0.4115138794008419,0.7038565292961739,0.7782540198676227,0.6867409909130463,0.738629149599847
0.4167244500625449,0.7644246243578996,0.7479652212846689,0.7144418356481044,0.7159475198195493
0.4143279607500266,0.7626812177966664,0.7417303392170902,0.6935849207232745,0.7509885355991319
0.4136980645524764,0.761074919052856,0.7679573956343155,0.6905920181606314,0.7379765561109708
0.4328631835843148,0.7544989419824406,0.7612453493291073,0.7167056231464447,0.7486286775901484
0.4159048469964658,0.807339570946368,0.7711906821802573,0.6972612542160218,0.7501242406955418
0.4107302556477684,0.6975616759415365,0.7936857245688856,0.6993924141021058,0.7408565317603695
0.4077093109039061,0.7213305202470167,0.7547038385429787,0.6964662190061117,0.7064029535613516
0.4369788105537942,0.7444581754052215,0.7749835794554334,0.6804171666140615,0.7286343627099858
0.430567640024983,0.7663277788296591,0.7604092725886387,0.6891974391641458,0.7229524114873704
0.414525548596085,0.7638408132298463,0.7674850881475896,0.6721046511446059,0.7142587010675484
0.4239555369108927,0.7840127539825247,0.7691548767990626,0.7132533541998204,0.7458458587764956
0.4406500949110913,0.7964190866249449,0.772738857533212,0.7094442566385533,0.7329113463322419
0.417662679010001,0.7518729467698049,0.762885550322187,0.6846182400192621,0.736875688348545
0.4098099648341467,0.7440689613309871,0.7570592845813017,0.6936826871236887,0.7224004566487484
0.4136556191181868,0.7377286166620339,0.7503413987101848,0.6937562903189891,0.7520996558028549
0.4081146148216409,0.8334074249973811,0.7851920036275933,0.7087349395457392,0.7316571049988797
0.4242489017379249,0.7721611236737126,0.7754980749660051,0.7050363469238257,0.7336829551787623
0.4113332277915877,0.7588306560019024,0.763853282160773,0.6979694090576265,0.7427126142992542
0.4104279840984727,0.7874044774539201,0.7854538596743851,0.6975659770321904,0.731670634330787
0.4241750022907071,0.7208945893748963,0.7652658867993729,0.6963559873390536,0.7265497760485355
0.4177509414685297,0.7123925806614885,0.7612637613809099,0.7022679145098453,0.723344367500856
0.4034837969044215,0.8199542383238018,0.7455785452878861,0.682769645120521,0.7338603046432616
0.4044305324261737,0.7983698048946195,0.7576587079949959,0.675792307846974,0.7327915471202131
0.3874402702161606,0.6582671057701245,0.6389142311553455,0.6584042281083269,0.6215694267637368
0.3954561193784797,0.7693124540162746,0.7805845458671997,0.6129783856201612,0.7235352285649275
0.2875141710159579,0.3707953643857412,0.4766377259751088,0.3682605479958808,0.579120876311167
0.280037855179496,0.3498936857813032,0.4921575688079065,0.3967419397668715,0.6390355657990718
0.2819987587866812,0.3739225025345294,0.4611313318409828,0.3963458515181277,0.6394465154547605
0.2827766470632787,0.4074229235322212,0.4564765154455659,0.4068804318128393,0.6203484162469566
0.2813443019499672,0.400276329241549,0.4432222999297352,0.391091470989599,0.6463035199063951
0.2789061906139082,0.4087538938602948,0.4757154790014825,0.3756517557202302,0.5899782693256678
0.2992302231168319,0.4028074385159608,0.4282808712465085,0.5225894377296816,0.7274271579746672
0.3024678312243227,0.4821517078079284,0.4835868695327458,0.3821543341556235,0.5552682564436525
0.2676759425767029,0.2913799622633116,0.4732930478441283,0.414317724200966,0.7181267504998149
0.2675883156835664,0.3137967938555419,0.448363430476469,0.414455523129127,0.5460141934638121
0.2621799188802791,0.2829156964081602,0.4444160000260025,0.40803068667701,0.7058977407344429
0.2596634610981582,0.2872263458979245,0.4350477679609058,0.3825001436929003,0.6028326802698124
0.2609770362845081,0.2718578422695262,0.4234280617923393,0.407607955245383,0.5909672516369651
0.2627702337737428,0.2591392161270247,0.4206762741329243,0.3967764069881842,0.6038339726054734
0.253875201475199,0.2484004185990531,0.4051471869231842,0.4000842663554344,0.6027641572107507
0.2484566094696128,0.2458968180097887,0.4214527482821198,0.434796579623195,0.7243521120794404
0.2748907668622122,0.3830837468973874,0.406312169328884,0.5427496680552668,0.6117132614603611
0.2782926231883664,0.3612496990900725,0.4205816741985677,0.5458133444085203,0.7081315462660023
0.2782067641880572,0.3627341055365743,0.4460435026974312,0.4583631525493631,0.7085503552748224
0.294944773055123,0.3534484449808603,0.4597545115548785,0.4529402532387174,0.7061211573026862
0.3159730847394967,0.3204176536775932,0.5572155777662265,0.4893292314358007,0.6886791118700973
0.3354424764673644,0.3613360154841937,0.5472665364389379,0.5709430951800442,0.7070084478182778
0.3253549622211852,0.3515379858336729,0.5546261055133672,0.6513210198438072,0.7206653911431257
0.3324545685360128,0.3540581423970363,0.5300721159512957,0.6245383562723572,0.7155269833562545
0.3443906703757539,0.3212327648140754,0.5364540234894835,0.6485417528506012,0.7400265268695754
0.3417258143210782,0.3479465260280614,0.5440427498143268,0.5980313349470681,0.7445110589550492
0.34920921766005,0.3581660580045311,0.5493105721869264,0.6693539791816773,0.7220053925548093
0.347115003339656,0.3714783917181387,0.5345363755157525,0.6710474553123471,0.7266151180403693
0.3576179330947188,0.3801182650263787,0.5756423396143838,0.6971767883164052,0.7000928413640514
0.3498837612178486,0.3724060024645266,0.5514424241612846,0.6985562841562486,0.6702903681608227
0.3598345304787847,0.3644198823413267,0.5535077119338702,0.6664836578940456,0.7225905448016775
0.3703495151512099,0.3585673356896266,0.5475376717408901,0.6422192300691091,0.7302874845548173
0.3372489142786992,0.3358404391977449,0.5541161323346953,0.5936348471549335,0.7113184022182297
0.338664017784249,0.3376267656580706,0.5694346499402884,0.5946975491013011,0.7196537893975153
0.3335721021065141,0.326846961693546,0.5316080151551702,0.5804222768128928,0.7091166969376533
0.3199973706559809,0.3632930721418813,0.4858833387413562,0.5042549545110513,0.6306995245715137
0.34950167752706,0.3831839624930261,0.515922154685824,0.6356311727749454,0.6499729777361494
