BPFI,BPFO,CAGE
0.9422911480001573,0.9574754967743717,0.8774490378228056
0.650551376144563,0.706089244700651,0.5285077382750641
0.6470172613735422,0.6900512969459408,0.41472307331017905
0.6412732214094898,0.6242368368274209,0.5302478416829772
0.631110490198125,0.5870794418906281,0.4677524968492515
0.6978583839699516,0.6241818546959538,0.4691010719442612
0.6695559537025288,0.5751040192744294,0.4970382859135861
0.6202866512920405,0.5962727965519448,0.4249807839176312
0.6682579666117969,0.6086255746369629,0.46130673968443503
0.6312396218764215,0.6281348250079852,0.4791997587096272
0.6832202678350793,0.6206936322397862,0.41570514358409116
0.5999640744724372,0.7162909776337684,0.4455697466051039
0.5998119862951088,0.6731974249753141,0.43479500720607783
0.633155874313929,0.5657252264625202,0.3978586402880329
0.5790455226530817,0.5695704382220115,0.41697711355997263
0.6392391705656258,0.5776908089630208,0.4090002941523656
0.6840409089704095,0.607990997494836,0.42398223513131716
0.6855890112220934,0.5873409100759115,0.41292394803866556
0.5925571431932276,0.6183837127266488,0.47464126589439387
0.6232659165259932,0.6427342720552207,0.5138168928213154
0.5905665350833721,0.614797727143799,0.4490590008316175
0.5860361537926408,0.6400775081220254,0.39513679975844923
0.5894139107347474,0.5963300735426106,0.29506280507968397
0.6507521857104822,0.5307620890547292,0.3506573317919069
0.5754785901871767,0.5895407225308117,0.32937187504337595
0.5033598561516042,0.5729958323847218,0.24320424489748219
0.507195908283469,0.6093656037434182,0.2897802868281982
0.5579917266033478,0.6226009626750592,0.3539415035583023
0.5567619185885286,0.6405395331417364,0.4391662301176916
0.5667882574452393,0.5748628543668395,0.4754994696316865
0.44173036527354537,0.6202275387734446,0.4999288818018
0.5246364841949983,0.640290432661792,0.5075573326148091
0.5434248565737843,0.5937245146013002,0.39590897918304474
0.6061044937054364,0.6262475586430876,0.45480827765868403
0.5271042101930785,0.6302995737450775,0.4850605563027281
0.5465873809786738,0.6231992022755756,0.3431727610587106
0.5887337292337861,0.628856920747697,0.33224322042917775
0.5615773275649065,0.6399317112314806,0.4389361522466333
0.5931740197667879,0.6262780800993442,0.41783076152211573
0.5634999144357812,0.6206944789790607,0.4364909800261771
0.5962585574260667,0.5923452675700382,0.458716901473062
0.5707490991708705,0.6178799166292193,0.4929860676593847
0.5036805563458231,0.6166708172785361,0.3244291920905014
0.5561623485006933,0.633480738746545,0.4022721021916265
0.6207043332700853,0.6402227475374908,0.340258457304838
0.5457642379887762,0.6402899467376363,0.30901036846437274
0.5784718763175949,0.4646750538275794,0.29821469579678994
0.5172667029485513,0.48644000698402423,0.23284174237613098
0.5592944328835658,0.47057900431383193,0.3090839317393859
0.5203330571264405,0.4873698223932772,0.3385161593105797
0.5576572001830422,0.4766498275209003,0.2816294555989806
0.5373560072049423,0.5001480704549158,0.29751249836254406
0.5363479141798493,0.5018581837959915,0.2415197693436926
0.5525054988663842,0.3618080356937152,0.2465673258010908
0.5584472763235949,0.343428079855579,0.21918388174183703
0.545480342868758,0.36722059743247676,0.22202669374650383
0.48223324998119577,0.2735017362511228,0.19038745421704742
0.5096347624138975,0.2896626307009515,0.17462560883376144
0.5048331114553172,0.2829538554224433,0.18272011199536928
0.5375721904794576,0.30846463604977403,0.1877193334249116
0.5286282692421536,0.2838581968663962,0.19271210278088563
0.48034925749459784,0.2867843835964876,0.17282784315909105
0.4752038936875112,0.30372997416212427,0.18109304853972788
0.471764666631985,0.27565854686348445,0.1850755472369337
0.5193831349380666,0.28481785379143343,0.182808429961105
0.4651311026245258,0.2828779431214701,0.1829781052061719
0.5118981862185338,0.2745381532026225,0.18360964522410025
0.45808489821564174,0.286090571965111,0.18816013057461128
0.4513386664038693,0.3032319790323502,0.18985986696370732
0.5018310688615591,0.31295210807071516,0.189421978666977
0.3374940865363852,0.33068766643147407,0.18353362690983258
0.4460143026247145,0.3341686707126157,0.1932784046256304
0.4920973897786932,0.3644343653773239,0.193552897366998
0.49831719299510263,0.30965568137689264,0.1915308820257726
0.5049228992977055,0.29204377002338716,0.19435575153003284
0.4914353597651356,0.3061856943275085,0.19681151334367775
0.4558134400955181,0.28381779459028306,0.195308441651461
0.4207051670551482,0.28952713528784674,0.1927329560342911
0.472850858965516,0.2387379905853397,0.18514923700116817
0.4975174918159771,0.25503478185032474,0.19348669122079035
0.391901729163317,0.19674488018368425,0.15797373894217853
0.47217234675831943,0.1800352103188992,0.15639362542656182
0.43808921238173454,0.15735564401131874,0.13182565806382013
0.5071348717452826,0.16868171070521593,0.15083782588290062
0.49915532282387287,0.18978026643302312,0.17536217263206588
0.4225252548640593,0.20999891518871433,0.16299563035455236
0.4623837750762207,0.22484880785777195,0.17353174147550454
0.3632642042958541,0.22039044855519427,0.16695140681441703
0.41825019173552663,0.2294355490098824,0.16824872496126278
0.14198865617202944,0.2438555483280965,0.16713565029621205
0.3017981169232653,0.24948624719278226,0.1652717332774585
0.1692309726066607,0.23694160563365732,0.16325360936377248
0.25865888852352703,0.22779638905919264,0.16586959251434485
0.1550136475788344,0.223405519618091,0.1615685335111206
0.20673908236582722,0.2370600107564256,0.16690295091014024
0.31604324532974587,0.2377634975060058,0.15814861830759014
0.3502923756183949,0.25373498560563823,0.1678126877607796
0.4562723223236888,0.24091263858932221,0.16407008049787394
0.4089032863262592,0.21323364870793937,0.16065108023395946
0.22047487081332692,0.2205122730577793,0.17444405386705963
0.37357264567356896,0.23804793391762627,0.1569527727627042
0.16909277619592514,0.24068923698209652,0.16131236960943954
0.19050356669754442,0.22608594028424658,0.16575416529650125
0.22703640265314182,0.23840608612364492,0.17272355626017577
0.29970905412207294,0.22910519887586428,0.1669696649517021
0.2633374670947526,0.24489129276134353,0.1762079277140885
0.24486982303223814,0.23738476159336652,0.18477609511688708
0.3021544495335262,0.21909295654016067,0.19185114043675133
0.3280378622352971,0.21973740230407113,0.19270211840024848
0.38703744577815563,0.23154779670589618,0.18787043697983066
0.4362395574603097,0.27346130632210436,0.1892271466280879
0.393112193997084,0.2174250365610762,0.1875828255955979
0.38037672391086025,0.15898910938746288,0.1642519555644851
0.43027836288049126,0.1832575716999963,0.17322095767542525
0.37071055944036607,0.1978247940383664,0.1808861286176901
0.4290351134642782,0.1330929145901752,0.1556932937416708
0.45890205145981905,0.1260382780987263,0.15825914465710053
0.4294905666496164,0.15365505682599978,0.1698557720032676
0.5174956930999226,0.14286804617479934,0.16551132418295514
0.514917895512521,0.1687972902861735,0.17272287491326632
0.460359968841224,0.16440463961607404,0.15833453951250007
0.5163620150109384,0.17986263086618517,0.155788537488715
0.5505706111980593,0.2140328515894466,0.16624127834643615
0.5577098825749596,0.21436596681203643,0.15748922396826756
0.4636214346874585,0.21960206280770025,0.14565163956705204
0.533144059092046,0.15254500348150168,0.13999980686421093
0.506753459726102,0.1599891489611162,0.1326250851601898
0.4497004716222544,0.1721545322662812,0.13386149314510906
0.49042422140282366,0.2100536750276855,0.13606468136088967
0.41311651168991104,0.1977282957704811,0.14003703835980696
0.44067073809586227,0.21302854666582272,0.14408960469583332
0.4483980287188959,0.21078630061909734,0.13626251938370929
0.4522104591782471,0.2156431104219271,0.14288354373881026
0.4247884954554021,0.15795602407602022,0.13572923685200963
0.3634460425548997,0.1900883173685566,0.13543748916912324
0.3549751858296479,0.18828187741786348,0.14015698257730652
0.4017850139247999,0.12943977251089392,0.1357662977137368
0.38083000182885113,0.17424547771758425,0.1396017129813466
0.40690126402187776,0.12601429273774412,0.1416207205766666
0.35567355678401696,0.18647833380665818,0.14187461439808055
0.42636165731370107,0.22597489853140237,0.14896327186009922
0.3740749046546999,0.26006232430333537,0.14853563603842393
0.36113644754188085,0.28056448842879034,0.14999720527966445
0.3714501059508711,0.2893899649458334,0.15187248425922406
0.3182368797268455,0.2870096611443633,0.15384813272978595
0.3567263863085622,0.2206248111960419,0.15663360725466438
0.37387606060182466,0.23929982569104863,0.1521820104881101
0.4031122085644804,0.2575292840264457,0.1507280117410119
0.35951639299405763,0.24608772902975776,0.13945272439605289
0.40163216061574736,0.22115336065700178,0.14218758139239301
0.42024777284169634,0.258548082370614,0.14885154050018198
0.40709996928698333,0.23539581298398166,0.15489354683981152
0.36350866436323404,0.24254571607973416,0.1587756747194549
0.3672293511571866,0.2457109587193091,0.16045797109734847
0.3364855039359315,0.25589609716014516,0.15971882153301725
0.39286403769134803,0.25014385097392533,0.14747092549404517
0.4071740251179121,0.25298442228288975,0.15216137757022907
0.40243518663499206,0.24344933639832617,0.1541071627443513
0.4169921440122353,0.2469781097972464,0.1466709908292635
0.38505238104925915,0.23982162631845136,0.12086103000864847
0.36883057568799976,0.13427705496003708,0.11120650871232855
