Média,Média Absoluta,Variância,Desvio Padrão,Assimetria,Kurtose,Entropia,RMS,Máximo,Pico-a-pico,Fator de Cresta,Taxa de cruzamento por zero,Fator de Forma,Energia,Energia Média,Variância da Energia,Desvio Padrão da Energia,Assimetria da Energia,Entropia da Energia,Kurtose da Energia,Densidade da Energia,RMS da Energia,Frequência de Pico,Centroide Espectral,Largura de Banda Espectral,Planicidade Espectral,Corte Espectral,Razão Pico para RMS
-6.938893903907231e-19,0.08394440337716394,0.02196171442643422,0.10476786139367467,0.054983319354976155,-0.04095614649285406,1.53198540350469,0.10476786139367467,0.36961049803613044,0.7445409682805193,1.7648226835148335,457.90000000000003,0.6240571771947786,0.01811871173669444,9.441746605885604e-06,3.2117151883872948e-09,3.995470572392353e-05,5.7045441930001575,0.25589496881505214,92.990945304392,0.4983477660219443,4.105843905704013e-05,130.546875,92.09872659214068,78.52924734724274,0.5,182.109375,252.68415457750535
-6.938243382603739e-19,0.08394696869499708,0.02196239148954447,0.10477104823327743,0.05498396773308868,-0.04095900964665264,1.5320310209684758,0.10477104823327743,0.36962356896337656,0.7445642196984188,1.7648842065072436,457.91429500000004,0.6240758113746933,0.0181192375100427,9.442020588870627e-06,3.211791570352101e-09,3.995577611145713e-05,5.704694738114433,0.25590335475538145,92.99310957257946,0.49836270707311453,4.105954395348241e-05,130.54735546875,92.101509563226,78.53166581164561,0.500015,182.11490625000002,252.6920480552761
-6.936763446638296e-19,0.08395447078720389,0.021964342041029608,0.1047803754374371,0.05498666480799281,-0.0409674001660739,1.5321690947502435,0.1047803754374371,0.36965924487511276,0.7446287017281846,1.7650544789742078,457.956492625,0.6241312943429759,0.018120767353184918,9.442817797386636e-06,3.2120208624839704e-09,3.995897482323161e-05,5.705171032391199,0.255927397402878,93.00035910017303,0.4984071535581584,4.1062840641539846e-05,130.55387080078125,92.10982662549046,78.5388727015537,0.500059625,182.13138515625002,252.7158131095259
-6.935320606650185e-19,0.08396916311581185,0.0219681160233881,0.104798643374952,0.05499341491859186,-0.040982390602646225,1.5324421561880344,0.104798643374952,0.3697282359864397,0.7447561521751773,1.7653880306095515,458.039948165125,0.6242413433877125,0.018123748389771918,9.444371229688357e-06,3.2124948857594383e-09,3.9965446333569226e-05,5.706222819973776,0.2559722921120887,93.0186424132662,0.4984953123133075,4.1069497027348284e-05,130.5718364586914,92.12632360526877,78.55319282305148,0.500148132125,182.16410360390626,252.76373326851024
-6.9342882069798745e-19,0.08399333143142858,0.021974296559306664,0.10482869877546076,0.055005045417398146,-0.04100533399714221,1.5328931665579,0.10482869877546076,0.36984023856969506,0.7449662182594221,1.765932197810083,458.1773938428531,0.624423265233124,0.018128658298372,9.446929806342906e-06,3.213297711847257e-09,3.997627168491767e-05,5.708020255819844,0.25604463369053876,93.05086796435042,0.4986408505334253,4.1080622424630276e-05,130.6065316132837,92.1535628029813,78.57677118478797,0.500294417628125,182.21818438259766,252.84324594999677
-6.934615721968068e-19,0.08402919409703538,0.021983441974993547,0.10487329148018237,0.05502386093378316,-0.04103893119247831,1.533563535776688,0.10487329148018237,0.37000699146807253,0.7452785233750103,1.766744792906676,458.3819423864133,0.6246938466099284,0.018135927604805178,9.450717876396673e-06,3.2144831824990094e-09,3.999230645882673e-05,5.710680154265194,0.25615348466662935,93.09832024575562,0.49885726762107124,4.109710128028825e-05,130.66309001979235,92.19419246519757,78.61182980468212,0.5005120237738531,182.2986432137812,252.96101037745413
-6.936440070450419e-19,0.08407630930343017,0.021995407995315592,0.10493187952889346,0.05504950693532904,-0.04108307366988642,1.5344489921077133,0.10493187952889346,0.37022665558320783,0.7456873629259638,1.767819898409029,458.65263060730797,0.6250508907409625,0.018145433146620284,9.455671259312309e-06,3.2160259837616328e-09,4.00133044184531e-05,5.714217736229913,0.256296965386675,93.16199056247947,0.4991427697748231,4.111867911873114e-05,130.74098333014632,92.24804223093818,78.65821659602041,0.5007991456032937,182.40485940902775,253.11732448703765
-6.940406829830992e-19,0.08413437843215817,0.02201010036791875,0.1050040531045813,0.05508117285043585,-0.04114016249102708,1.5355446457467805,0.1050040531045813,0.37049636180149953,0.7461889560154383,1.7691444479014535,458.98814933132235,0.6254919669930019,0.018157061331889934,9.461730761797795e-06,3.2178904634514846e-09,4.0038968426199745e-05,5.7185703237772145,0.256476976475375,93.23999097065114,0.4994956105823552,4.114505328855282e-05,130.84278687548846,92.31467277043684,78.71569273460312,0.5011540125834324,182.5362121216611,253.30979491939172
-6.945681540620868e-19,0.08420305988331032,0.022027418449409173,0.10508939218546193,0.055118556666743486,-0.04120942543583024,1.536843928605646,0.10508939218546193,0.3708148688984201,0.7467823729567936,1.770713359723189,459.3870171926453,0.6260149424111331,0.01817072927325608,9.468853190857799e-06,3.2200419359349672e-09,4.006902150563606e-05,5.723699970126997,0.25669261968194357,93.33169632150293,0.49991383862982003,4.11759440230887e-05,130.96357871594753,92.3937374465893,78.78394477692115,0.501574888017227,182.69183435006724,253.53833691573377
-6.952011358080981e-19,0.0842820073631351,0.02204725969055675,0.10518747211154669,0.05515992643007977,-0.04129061013844882,1.5383417602349594,0.10518747211154669,0.37118096523076405,0.7474644235597555,1.7725221230312733,459.84794513503545,0.6266177363183516,0.018186356923705543,9.476996833614163e-06,3.222488649104552e-09,4.0103444310161734e-05,5.729665280934644,0.25694111627735305,93.44005435453387,0.5003957347409143,4.121132360542899e-05,131.10288059236382,92.48506047822296,78.86267832898575,0.5020600684632893,182.87113480969498,253.80269671466755
-6.959499217598654e-19,0.08437096771732251,0.022069551322297768,0.10529794436297053,0.055202574632436295,-0.041385842042121423,1.5400343704489676,0.10529794436297053,0.37159243139429643,0.7482305146933222,1.7745600197525004,460.36951682628694,0.62729806740813,0.018203851319830357,9.486113246394157e-06,3.2252130066298406e-09,4.014205462404523e-05,5.7364524729510595,0.25722041534123585,93.56495710178751,0.5009396037178504,4.125100348646791e-05,131.2652858538123,92.58839737221308,78.95175906403698,0.5026078831649975,183.0734982014295,254.10282632837388
-6.968391690203813e-19,0.08446953017790881,0.022094156567258712,0.10542030886300996,0.05524620074894529,-0.04149420298255166,1.5419176884169843,0.10542030886300996,0.37204559235812934,0.7490755875515036,1.7768122542213862,460.94998203348695,0.6280539630090659,0.018223115465989332,9.496151884309204e-06,3.228201933741272e-09,4.018470139743749e-05,5.744058493001638,0.25752890943840917,93.70650701424132,0.5015438074658001,4.129482483219543e-05,131.4552819578857,92.70351859799139,79.05092643206362,0.5032166934888934,183.2983444943992,254.43817183367506
-6.978717589520691e-19,0.08457745281549998,0.022121020600462435,0.10555426741782363,0.05529006946856326,-0.041613715851487966,1.5439843427373618,0.10555426741782363,0.3725395114230459,0.7500012331392317,1.7792737350040766,461.58773018298297,0.6288834405540823,0.018244118448523965,9.507096638105259e-06,3.2314695747896704e-09,4.023141555448731e-05,5.752505894910679,0.2578643725554589,93.86602789963095,0.5022066623520384,4.134281423046401e-05,131.6721547727292,92.83001846435505,79.15989294534361,0.5038848923722172,183.54508126156443,254.80805937621065
-6.989829882288583e-19,0.08469452277242201,0.022150104301752693,0.10569956476056884,0.05533435656193367,-0.041743887637593666,1.54623040442038,0.10569956476056884,0.37307211958823583,0.7510041711390506,1.7819329867079459,462.2808371314366,0.6297845986125029,0.018266836122877533,9.518934925939324e-06,3.234995781320648e-09,4.0282006448062534e-05,5.761691942579924,0.2582282175476358,94.03980001806273,0.5029266216181162,4.1394782702265235e-05,131.91011794365792,92.96761162336539,79.27833113157307,0.5046109037794345,183.8131040766264,255.21074159526597
-7.001528466427856e-19,0.08482055091835554,0.022181380392167726,0.10585597506966751,0.05537862545939196,-0.041884336782432224,1.5486509081580877,0.10585597506966751,0.3736433851625116,0.7520831626777182,1.7847882346242026,463.02800324665145,0.6307555702787119,0.018291266271429168,9.531665592198646e-06,3.238792392485423e-09,4.033648558585111e-05,5.771567590907177,0.2586203822749851,94.22634506694227,0.503702320786237,4.145074118844969e-05,132.1686116808475,93.11599254644742,79.40600023536673,0.5053931821676156,184.1018554966226,255.6441140569841
-7.012252029714517e-19,0.08495536096337715,0.022214823358943078,0.10602328047338799,0.05542209632531732,-0.04203498739390878,1.5512410971467487,0.10602328047338799,0.374251185753599,0.7532368843119017,1.7878273722284488,463.82736808341616,0.6317944801964492,0.018317397762753707,9.545282836244786e-06,3.2428871271272997e-09,4.039498988385133e-05,5.782151609703011,0.25903758722974984,94.42634227906306,0.5045321899411459,4.1510821473317715e-05,132.4420128069158,93.27470982142034,79.54256956652866,0.5062302119605253,184.41076538425736,256.1071763057402
-7.022169560175547e-19,0.08509905251226837,0.0222505379640351,0.1062015816646784,0.05546422306148418,-0.04219738885436023,1.5539964915859241,0.1062015816646784,0.3748947920585,0.7544656852622963,1.7910400365539143,464.67800959877474,0.6328993443795081,0.018345271203996386,9.559807818653685e-06,3.2473163117752527e-09,4.045770845434505e-05,5.79343502225598,0.25947812564103656,94.63983090539966,0.5054145035773043,4.1575212514219276e-05,132.72990986308028,93.44327520249527,79.6876182476843,0.5071205070312871,184.7392747463768,256.5980779620586
-7.031023128543109e-19,0.08525137289367901,0.022288453280129853,0.10639055667929694,0.05550608441799914,-0.04237203192597329,1.5569121602608857,0.10639055667929694,0.37557571074185475,0.7557679741381631,1.7944338279982481,465.57885597103683,0.6340683040440056,0.018374811862357048,9.575201595808796e-06,3.2520905987439096e-09,4.052465568764192e-05,5.805501204868875,0.25993673931857925,94.87041096440609,0.5063478114311404,4.164391934223576e-05,133.0318994409196,93.62159527567813,79.8409899007375,0.5080626101934858,185.0871871033856,257.1184338774985
-7.039033002631019e-19,0.08541204898919139,0.022328483999880633,0.10658985255280218,0.0555489699605706,-0.04256141199626243,1.5599856826506793,0.10658985255280218,0.376292035410091,0.7571381017931313,1.7980004859178755,466.5287944825526,0.6352995027023284,0.01840595193598663,9.591428835845056e-06,3.2571922060905187e-09,4.059566128885361e-05,5.818370370693683,0.26041295085742666,95.11939306477993,0.5073308891502883,4.171676807732071e-05,133.3519102615835,93.80950698694835,80.00252285939578,0.5090550927005748,185.4542141977572,257.66817424091397
-7.0454708472619975e-19,0.0855809057455346,0.022370590285659193,0.10679922893169189,0.05559315224085749,-0.04276698213208016,1.5632124296640277,0.10679922893169189,0.3770427492213996,0.7585748673729562,1.8017341763414805,467.5262677028848,0.6365910598001465,0.018438631572326933,9.608458349310561e-06,3.262572600354329e-09,4.067035966050795e-05,5.8319456036106105,0.2609080645093996,95.38346079539426,0.5083622250834576,4.1793394990201935e-05,133.68944649556465,94.00663284079893,80.17194869619084,0.5100965537534575,185.83980253670404,258.2467350829646
-7.050561786566109e-19,0.0857576536917424,0.022414698862500138,0.10701836627837684,0.0556407804807015,-0.042983877819334944,1.5665864638768199,0.10701836627837684,0.37782900016361504,0.7600787698310261,1.805641186144113,468.56895477353635,0.6379415140698375,0.0184728181818637,9.62627315365489e-06,3.2682207065200977e-09,4.074862368448423e-05,5.846205286682031,0.2614221514508291,95.6622250571731,0.5094397109492245,4.187367258384672e-05,134.04403372465706,94.21255848772847,80.34889204399184,0.5111856200161131,186.2433978787975,258.853238596413
-7.054419842662766e-19,0.08594207509305578,0.022460757823831848,0.10724700026651063,0.055694024871365426,-0.0432113380141678,1.5701037174236558,0.10724700026651063,0.378649663590255,0.7616477841904596,1.8097158150902208,469.6558457272662,0.6393492305169813,0.018508483936080018,9.644858747305915e-06,3.27412948026699e-09,4.0830356329005135e-05,5.861124114233953,0.26195480225499307,95.95516895111322,0.5105617729074198,4.1957503146639415e-05,134.40965207479778,94.42698752921139,80.53312097949966,0.5123209451391392,186.66449221070815,259.48694302710646
-7.057595491034054e-19,0.0861340569278006,0.02250875113864936,0.10748495590547152,0.05575327206459125,-0.043451524345484924,1.5737611255957813,0.10748495590547152,0.37950483934910606,0.7632790391084578,1.813956934607935,470.78615906393674,0.6408123638359244,0.018545580307058294,9.66418984213566e-06,3.280260570358159e-09,4.091525134233859e-05,5.876597277577223,0.26250921793162335,96.25878168307973,0.5117270011117693,4.204458279548574e-05,134.7828671111263,94.64966102839608,80.7244453962689,0.5135012092910872,187.1025875183892,260.1457918465364
-7.060552446560842e-19,0.08633343011688573,0.022558652623949786,0.10773203753991746,0.05581684389702948,-0.04370361277004814,1.5775557433673748,0.10773203753991746,0.3803937638523227,0.7649696081671783,1.8183596588274227,471.95942619033144,0.6423293928427098,0.018584082020462644,9.684253267567838e-06,3.2866232576541117e-09,4.1003318565365934e-05,5.892599029829359,0.2630850156452089,96.57225875729785,0.5129337012587019,4.21349182372999e-05,135.16345751123538,94.8803061818205,80.92270723928183,0.5147251186974657,187.55720733204663,260.8280840541619
-7.062677704978668e-19,0.0865398136277114,0.022610321324445275,0.10798776926133385,0.0558869305698824,-0.04396728366963354,1.5814832686412392,0.10798776926133385,0.38131505974934343,0.7667166742501346,1.8229212110116573,473.1741487147067,0.6438987316399611,0.018623867487807696,9.704985663266144e-06,3.293168623728201e-09,4.109418824965038e-05,5.909092719692864,0.2636836565358959,96.89469809774774,0.5141805638108888,4.222813507561073e-05,135.55118290877508,95.11871524584936,81.12780350193589,0.5159914051872911,188.02788454348487,261.5332700673222
-7.064316875823677e-19,0.08675292303734645,0.02266366705892689,0.10825180403283721,0.055963136436390656,-0.044242422392016326,1.5855411701083078,0.10825180403283721,0.38226687075293336,0.7685158064204498,1.8276341838774792,474.429159262044,0.6455188730824575,0.01866486464677337,9.726349477213866e-06,3.2998602026045224e-09,4.118756647988205e-05,5.926030515568003,0.26430674993881204,97.22482272190581,0.5154662027697123,4.232393861533987e-05,135.95088205899958,95.36474474061632,81.33954703474791,0.5172988257470663,188.51416124353736,262.2606226303121
-7.065107742746915e-19,0.08697236790731233,0.02271855221675483,0.10852368915591591,0.05604501605831291,-0.04452681737582982,1.5897241659975514,0.10852368915591591,0.3832489068925565,0.7703663463462997,1.832500373332336,475.7221434233906,0.6471884934347354,0.018706991734294257,9.748302102289889e-06,3.3066537636318508e-09,4.128311518562965e-05,5.943311993283462,0.264957576708585,97.5592834858839,0.5167892529437441,4.242199015431618e-05,136.35665449053215,95.61809641580763,81.55777347567106,0.5186461620820689,189.01547137465698,263.0080809223384
-7.064697217721295e-19,0.08719791557672149,0.022774916832147954,0.10880315600345865,0.0561337639058913,-0.04481637913152729,1.5940275929694463,0.10880315600345865,0.38425987904466685,0.7722680045113368,1.8375139748970617,477.0515586068143,0.6489062333904372,0.018750223400671128,9.770830328645736e-06,3.3135273692590628e-09,4.138064616788537e-05,5.960851701139805,0.26563750512272116,97.89488984655726,0.5181483834266849,4.2522103333208456e-05,136.76274544771758,95.878428552608,81.78227179717194,0.5200322201848344,189.5313192845621,263.77427183660643
-7.062741167165991e-19,0.08742957536829667,0.02283282808891783,0.10909023368475251,0.05622877423307063,-0.04510962077793014,1.5984477606988252,0.10909023368475251,0.3852993075695504,0.7742209731129971,1.8426686605370413,478.4166300891389,0.6506707428625115,0.01879461392032603,9.793962438940108e-06,3.3205437212263373e-09,4.1480470630673046e-05,5.97860625559315,0.26634595723416427,98.22954600772893,0.5195422718833854,4.2624588177146416e-05,137.16400016404978,96.14512611052436,82.01273827750256,0.5214558299107186,190.06073898851338,264.5565069902799
-7.05921323866765e-19,0.08766700428694074,0.022892169922195678,0.1093845170825451,0.05633013949502402,-0.04540396421420554,1.6029827375942436,0.1093845170825451,0.3863646071500806,0.7762200670678047,1.8479546155785238,479.8161320506143,0.6524807278830748,0.018840103277320226,9.817667158582732e-06,3.327686279606974e-09,4.158242687123821e-05,5.996522269834618,0.26708438526631084,98.56134655310387,0.5209697750159422,4.2729280187913395e-05,137.55539269440652,96.41797078291783,82.24905891735682,0.5229158445604278,190.6033255332232,265.3530454322132
-7.052925163622091e-19,0.08790998423717596,0.022952879624427013,0.10968573771506573,0.05643713133376465,-0.045701281387863425,1.6076305737281655,0.10968573771506573,0.38745398894348987,0.7782610447063444,1.8533637360928235,481.2499739685395,0.6543348103037141,0.018886658657550275,9.841927387988697e-06,3.334964593045767e-09,4.1686542741155357e-05,6.014624851414533,0.2678508195454504,98.89124034650129,0.5224303833500246,4.283620238800394e-05,137.93202346772975,96.69687718606983,82.49102937875872,0.5244111404694078,191.158705490967,266.16358115698705
-7.044084710659262e-19,0.08815838818446742,0.023014942848355174,0.10999374853064307,0.05654846557345518,-0.046000633025886244,1.6123865302281821,0.10999374853064307,0.38856664489951115,0.7803450413196672,1.8588907421611947,482.717012418709,0.6562316855560386,0.01893428426761709,9.866745319237688e-06,3.342406927133353e-09,4.179296426139435e-05,6.03296294625919,0.2686429925685275,99.22140861555667,0.5239231479396731,4.294549742504277e-05,138.29465985031572,96.98150804253835,82.73841706012746,0.5259406166039793,191.72647763843725,266.9877096996581
-7.032447634819192e-19,0.08841192634098802,0.02307827408062294,0.11030823135454902,0.056663645533904856,-0.04629971898075842,1.6172463581220924,0.11030823135454902,0.3897025539487816,0.7824713527962052,1.8645372462892162,484.21545241152893,0.6581702632584161,0.018982941105707644,9.892100628299988e-06,3.3500212160790163e-09,4.190171096836925e-05,6.0515625141291896,0.26945798047414526,99.55289598539335,0.5254469118817109,4.305717941612913e-05,138.64237645731689,97.2717920873308,82.99094502360336,0.527503194164116,192.30604964514706,267.82576165112835
-7.018247808067631e-19,0.0886704691923075,0.02314284297322413,0.11062900404686962,0.056783666715170274,-0.0465995772714754,1.6222059699403077,0.11062900404686962,0.3908614916031103,0.7846399583954425,1.8703015354426895,485.74391385266557,0.660149100322408,0.019032583886373577,9.91796971671371e-06,3.35777479050646e-09,4.201252717846258e-05,6.070377952543017,0.270296687412206,99.88476277477503,0.5270007530797316,4.317099401191681e-05,138.97546845016547,97.56752569565084,83.24838262951367,0.5290978161927586,192.89692416129336,268.6775921577714
-7.001534781706154e-19,0.08893391507815199,0.02320864141516286,0.11095594361011991,0.056906123869476834,-0.046900337413562976,1.6272619376738373,0.11095594361011991,0.39204293646015437,0.7868504961163053,1.876179400310522,487.30167643991206,0.6621669288210875,0.019083198232885623,9.94434509269706e-06,3.3656629541647686e-09,4.2125344302741144e-05,6.089404454624007,0.27115862652166933,100.21710782809876,0.5285837057186186,4.3286872867759156e-05,139.29039381797423,97.8685127054324,83.5105044814414,0.5307234471915606,193.49873168833923,269.542848887458
-6.982698776350768e-19,0.08920215541979978,0.02327565324565531,0.11128890712885542,0.05703086810336178,-0.047201835630874336,1.6324108049774873,0.11128890712885542,0.3932461321683047,0.7891024581523004,1.8821660134775955,488.8880333753995,0.664222439943015,0.019134763223113353,9.971215853628655e-06,3.373678510114409e-09,4.2240075399408975e-05,6.108622490122858,0.27204350900552804,100.54966898680016,0.5301947800233443,4.340472904521588e-05,139.58758020007025,98.17447190007705,83.77713260062374,0.5323790727429636,194.11111026983477,270.42107655323656
-6.961974266788735e-19,0.08947497877340348,0.023343804124600902,0.11162761086497064,0.05715833897398044,-0.04750537059146028,1.637650909728183,0.11162761086497064,0.39446900296385395,0.7913917355288205,1.8882525591796746,490.5028461360338,0.6663142707497829,0.01918721531592349,9.998548887922628e-06,3.3818249431403377e-09,4.235671275252297e-05,6.128067551070644,0.2729484521493548,100.88349718095262,0.5318332151857815,4.352454721960856e-05,139.86986133229118,98.48544708587991,84.048157876653,0.5340636991385028,194.73381082703966,271.3126452646908
-6.938833953369175e-19,0.08975213049095176,0.023413000134811714,0.11197172288554376,0.05728695217367893,-0.047813549223916056,1.6429801142843974,0.11197172288554376,0.395709170278449,0.7937146256054336,1.8944296922918378,492.1455403726458,0.6684411174947998,0.019240448713793108,1.002628906398809e-05,3.3900712481167497e-09,4.247499032871251e-05,6.14772126167361,0.27387517417658647,101.21804809982918,0.5334977040665104,4.3646055919548894e-05,140.14000276792657,98.8015593420908,84.3234651636908,0.5357763530132421,195.36653032877396,272.21660711628596
-6.913422655027897e-19,0.09003328081117626,0.02348310804631903,0.11232083484252561,0.05741663365753633,-0.048124912756363394,1.6483942299315735,0.11232083484252561,0.3969666617777083,0.7960703859513412,1.9007005053056316,493.81529682642224,0.6706018033196519,0.019294371434475727,1.005438844944021e-05,3.3983419717082363e-09,4.259443376707083e-05,6.16755164339608,0.2748240045852636,101.5529004851016,0.5351873615200217,4.3768781924693334e-05,140.40336331347123,99.12288099784159,84.60298335743057,0.5375160809862422,196.00945224009084,273.1339065230707
-6.886564979966559e-19,0.09031856545312128,0.02355424195196371,0.11267512839986087,0.05754792641666639,-0.048439128388079365,1.6538882019961885,0.11267512839986087,0.3982436145206198,0.7984636861473596,1.90706881246421,495.51177753779837,0.6727952356974098,0.01934908657643688,1.008290076937828e-05,3.406697530580014e-09,4.27154004221116e-05,6.187584199773187,0.27579288367543225,101.88887557122163,0.536901366276326,4.389308532934685e-05,140.6600719699621,99.44900402774806,84.88642883162079,0.5392819493069652,196.6617344053255,274.063331301684
-6.859406785513849e-19,0.09060779485088515,0.02362633398274731,0.11303434135834123,0.05768055251180478,-0.04875683302845415,1.6594579458616876,0.11303434135834123,0.39953886514017734,0.8008946111574433,1.9135302198295376,497.2334789368661,0.6750201118648977,0.01940451390976573,1.0111784215615305e-05,3.4151045100906627e-09,4.2837611091625886e-05,6.2077698958189105,0.27678378631223105,102.22456209592373,0.5386387596841627,4.401868500841308e-05,140.9102672492937,99.77974667195075,85.17379587951497,0.5410730435075222,197.32305809859326,275.0040711565095
-6.832992315875104e-19,0.09090078409962433,0.023699322270401477,0.11339823080122946,0.05781354260161645,-0.0490789665429044,1.6651011592642404,0.11339823080122946,0.400852005420811,0.8033607220235597,1.920083752946972,498.9788410343264,0.6772752406283908,0.019460586376560576,1.0141003843960718e-05,3.4235219630344767e-09,4.296075912601114e-05,6.228006015983813,0.27779997858857114,102.55639532264159,0.5403985870626088,4.414527455954896e-05,141.1591711358465,100.11506637427945,85.4649014504577,0.5428884680606693,197.99309943936854,275.95413221371444
-6.807827468701935e-19,0.0911974706664406,0.023773211485202252,0.11376671799207244,0.0579471765537359,-0.0494047199136866,1.6708152093947393,0.11376671799207244,0.4021831628672411,0.8058613507224645,1.9267281067077717,500.7469240575097,0.6795595233975203,0.01951729739662331,1.017055622544208e-05,3.4319402010013126e-09,4.308474599887263e-05,6.248249325276688,0.2788425700044153,102.88322654211288,0.5421796966808768,4.4272757456536254e-05,141.41111432264807,100.45466850200002,85.75955627610911,0.5447273460434615,198.67128347540964,276.91235037817773
-6.783429600690705e-19,0.09149774789491784,0.023847979411074752,0.11413966047399197,0.05808130831982197,-0.04973445596199143,1.6765988821363778,0.11413966047399197,0.403531416428356,0.8083932727720937,1.9334582558815128,502.5371381789583,0.6818718343254107,0.019574624686437433,1.0200429748013275e-05,3.4403693904105497e-09,4.320961215691743e-05,6.2685399259025925,0.2799086459122412,103.20646240178291,0.5439812720628592,4.440117028031628e-05,141.67108114785924,100.79847905420948,86.05762226524703,0.5465888188064748,199.3574233206338,277.8791446042711
-6.76045009642552e-19,0.09180150160261503,0.023923601351385246,0.11451691227737541,0.05821700173414695,-0.05006847014382183,1.6824501511707204,0.11451691227737541,0.40489701702993786,0.8109545338605113,1.9402750077026973,504.34875490876203,0.6842111029256915,0.019632556105702425,1.023061808530613e-05,3.44882177323033e-09,4.333541546140876e-05,6.28890923259327,0.280994792002094,103.52739573752731,0.545802617525319,4.4530567672720926e-05,141.93836447904172,101.14625252072867,86.35888225309144,0.5484720456485064,200.05094882095605,278.8553012406818
-6.739214943209851e-19,0.09210856541130356,0.024000030877700803,0.11489827594637929,0.05835322837650488,-0.050404765773532034,1.6883649281685515,0.11489827594637929,0.4062806905063164,0.813546220101969,1.9471824394318864,506.1808056495938,0.6865763626166265,0.01969106013765141,1.0261104813783977e-05,3.4573038245962015e-09,4.346217570622642e-05,6.309375854260295,0.2820987282326539,103.84661787314091,0.5476426369785659,4.466096483482775e-05,142.21273068977246,101.49799806516963,86.66326968448068,0.550376203496666,200.75157241402215,279.84088134102063
-6.7198628725515585e-19,0.09241885568826498,0.02407726366093466,0.11528365930386733,0.05848809809269732,-0.05074130977826853,1.6943393871706502,0.11528365930386733,0.40768244992195524,0.8161697339552605,1.9541794343444268,508.03189280866854,0.6889666842314908,0.019750141534621315,1.0291892409912119e-05,3.4658048779744406e-09,4.3589787014622586e-05,6.329903355433635,0.283221046062786,104.16342455119951,0.5495004248329793,4.479225946115674e-05,142.49396261556308,101.85340427174049,86.97056088498844,0.5523004865917744,201.45888371243845,280.8355122275358
-6.703301380066047e-19,0.09273251085879583,0.024155403797732296,0.11567323336149703,0.05862070120746247,-0.05107927594422873,1.7003721275339474,0.11567323336149703,0.4091030006419384,0.8188246159916741,1.9612636569500563,509.90072566791895,0.6913810803931811,0.01980988368891737,1.0323024329816266e-05,3.474379263123587e-09,4.371859752571537e-05,6.350510629787844,0.2843580936834583,104.47856565629571,0.5513754653312279,4.4924800297989105e-05,142.78062870860546,102.2120078137672,87.28046562450254,0.5542441061789807,202.17223543003223,281.8387318891346
-6.689431078044422e-19,0.09304932845910935,0.024234387939662327,0.11606676568387818,0.05875169305384051,-0.05141776547518053,1.7064614056183498,0.11606676568387818,0.4105417832542859,0.821508241915762,1.968433637320922,511.78658292176675,0.6938187086478389,0.019870242060629654,1.0354477363538143e-05,3.483011542780643e-09,4.384846932782731e-05,6.371150774229055,0.285511752965408,104.79060993201065,0.5532667243217139,4.505844803965156e-05,143.06745327367946,102.57368897623182,87.59290511577375,0.556206290203518,202.8911243658793,282.8488986034696
-6.677341493254421e-19,0.09336905966509935,0.024314118688569794,0.11646394686024213,0.058880129752018964,-0.05175703727362327,1.712605980532291,0.11646394686024213,0.41199692918912384,0.8242166011961183,1.9756832171122403,513.6883236354182,0.6962786355604821,0.019931131275387075,1.038620702208813e-05,3.4916525353776583e-09,4.397906957266193e-05,6.39177576907771,0.2866833715589023,105.09843545447642,0.5551734691561832,4.5192868654543725e-05,143.35947528657033,102.93853415084925,87.90774643513979,0.558186283011515,203.6154339930157,283.8657645347687
-6.665819249964271e-19,0.09369161027853651,0.024394578734626516,0.11686466034296786,0.05900540957790989,-0.05209698970378904,1.7188039455896509,0.11686466034296786,0.4134681218508886,0.8269483299574282,1.983010288781084,515.60534284379,0.6987599453450846,0.01999254261175169,1.0418208760683552e-05,3.5003089321390037e-09,4.4110426639305986e-05,6.4124004817336875,0.28787067013116413,105.40269635850447,0.557094905510016,4.532808855454743e-05,143.66159600614787,103.30652120555737,88.22480111853375,0.5601833450557815,204.3449209608188,284.88965327483913
-6.654168930705529e-19,0.09401676252489714,0.024475690027019485,0.11726863721258855,0.059128145048050564,-0.05243547686118616,1.7250530576208183,0.11726863721258855,0.4149546039002256,0.8297015597678701,1.9904133162177935,517.5370783234073,0.7012617531052677,0.020054417611820606,1.0450452116634004e-05,3.508962410852251e-09,4.424236676561887e-05,6.4330353041368795,0.28907210654738724,105.70400686650083,0.559030168670388,4.5463932034317165e-05,143.97350744269298,103.67761763963519,88.54404934811829,0.5621967526064896,205.0793589080779,285.92198545667435
-6.642281624485791e-19,0.09434441727339998,0.024557430718661587,0.11767575130647963,0.059247662706183174,-0.05277441955872804,1.731351850322917,0.11767575130647963,0.41645374811653374,0.8324742411592283,1.9978793598678848,519.4838346146076,0.7037831604378818,0.020116742754147612,1.0482930043849745e-05,3.5176238198620926e-09,4.4374938594625814e-05,6.453703842617917,0.2902853261766674,106.003232385616,0.560978807380063,4.560044463578352e-05,144.29180232267353,104.05176287429468,88.86548141587595,0.5642257974666717,205.81897166851138,286.9629232041903
-6.630034899266275e-19,0.09467435518584026,0.02463972917431583,0.11808575705631806,0.05936308769793393,-0.05311238474110219,1.737695896534972,0.11808575705631806,0.4179670028935373,0.835268315591936,2.005417406240194,521.4451714367794,0.7063234716133382,0.020179485839584205,1.05156257632018e-05,3.5262703223787517e-09,4.450795229041061e-05,6.4743505349928645,0.291513002346869,106.29887716140225,0.5629402676191186,4.573743809720379e-05,144.6162625545382,104.42885146166803,89.18902679715634,0.5662697866924582,206.56351970609782,288.0110534594439
-6.61753710181343e-19,0.09500725684881958,0.024723042143540597,0.11849954153245365,0.05946970772245549,-0.053446509008992824,1.7440826789746815,0.11849954153245365,0.41949644106541106,0.8380908071544919,2.0130191434394464,523.4172372632047,0.708882016896958,0.020242983066509065,1.054871446925957e-05,3.535347519778476e-09,4.464308965087275e-05,6.495055606098841,0.2927513190345581,106.59348077200646,0.5649138507568929,4.58765970977759e-05,144.94708469775782,104.80901406284322,89.5143080668393,0.5683280423179801,207.31193666574433,289.0633600857846
-6.604633715616e-19,0.09534372145943529,0.02480777689154499,0.11891789332870122,0.05956482998802797,-0.05377620875725148,1.7505115861478926,0.11891789332870122,0.4210414369304163,0.8409445578969627,2.0206677985721258,525.3959146682538,0.7114581755237248,0.020307566568307234,1.0582369238304992e-05,3.545283751009878e-09,4.4782011467980976e-05,6.515961292519656,0.2939951252299818,106.89307098137108,0.566899567959553,4.601958533140184e-05,145.28013525426374,105.19209066513702,89.840876794308,0.57039990108486,208.06291257969374,290.1180148833426
-6.590881390149774e-19,0.09568440649739753,0.024894374814986735,0.11934166102783905,0.0596464411781251,-0.054099809965677655,1.7569811992423392,0.11934166102783905,0.4226036292098173,0.8438343581675207,2.028356207381629,527.3776525525873,0.7140512721989407,0.02037358621093413,1.0616772387146522e-05,3.5565410375847045e-09,4.492648062459662e-05,6.537224618790192,0.2952384303155641,107.20395140340469,0.5688972759671006,4.6168167754239627e-05,145.61448857790236,105.5780728055386,90.16839298402725,0.5724847141762204,208.81529855529456,291.1732263404398
-6.576221969241464e-19,0.09602970536034214,0.024983125878800146,0.11977136988274624,0.059711895701250864,-0.054415341031582326,1.7634884310930463,0.11977136988274624,0.42418503235598637,0.8467658091160843,2.0360825149219184,529.3590176026121,0.7166606879781869,0.020441271639960967,1.0652043585180308e-05,3.5694976003277424e-09,4.5077857356533975e-05,6.55900706252164,0.2964771797562586,107.53372427185127,0.5709068030864117,4.632370411687852e-05,145.9504605794119,105.96707936319555,90.49661524947648,0.5745818469551339,209.56823185086841,292.2277995303726
-6.561330714429435e-19,0.09638019334100949,0.025074396580057882,0.12020772446545497,0.059756906892376734,-0.054723413526638995,1.7700305137213326,0.12020772446545497,0.4257868315429518,0.8497451355297605,2.0438394561939215,531.3367518785035,0.7192855728980441,0.02051086282473028,1.0688307881568694e-05,3.5845770348516098e-09,4.523778058162855e-05,6.58150768515734,0.2977040672146168,107.8906573097341,0.5729280898826391,4.648782752295561e-05,146.289120795097,106.35933636227037,90.82526585693365,0.5766906787074482,210.32094139426962,293.28091243485954
-6.547215796978532e-19,0.09673658132388353,0.025168676830065916,0.1206516462620365,0.05977632301511957,-0.055021348159890765,1.7766056805440025,0.1206516462620365,0.4274101515224363,0.8527783214914693,2.051616817001259,533.3083839448572,0.7219253023097653,0.020582746439557008,1.0725766774130826e-05,3.602460010110147e-09,4.540843371449853e-05,6.604953087762968,0.2989124145903664,108.28469099086055,0.5749607605784453,4.666272159032949e-05,146.62642584255306,106.75493703845999,91.15409314643885,0.5788106023889114,211.07268702680818,294.3312841167556
-6.534421116767211e-19,0.0970996746517675,0.025266513954036122,0.12110420069970926,0.059765877210313186,-0.055306414523028355,1.7832129975612523,0.12110420069970926,0.4290564098889792,0.8558708429610163,2.059403896217978,535.2721346967702,0.7245794176306822,0.020657355269309268,1.0764645789113766e-05,3.623862787619357e-09,4.559213220444267e-05,6.6295514596912515,0.3000969736907986,108.72558232438482,0.5770046057903324,4.685070562275046e-05,146.95843302070347,107.15394166299365,91.48282044820817,0.5809410243765318,211.82273540857412,295.37630909012375
-6.523078415427974e-19,0.09747024883978041,0.025368411916329523,0.12156638895700625,0.05972042953152088,-0.0555772981799305,1.7898511561081691,0.12156638895700625,0.43072756955173813,0.8590286238541378,2.067192596749201,537.2254154222937,0.7272473389635167,0.02073509379616745,1.0805155704099793e-05,3.6495289464316537e-09,4.579130855359516e-05,6.655543546050785,0.3012514727389456,109.22431031346365,0.5790595673812384,4.705421096083898e-05,147.28129839927374,107.55635902557779,91.8111343926495,0.5830813642241034,212.57016074024187,296.4131765166579
-6.512665421713431e-19,0.09784892348717306,0.025474816605858902,0.12203903682728841,0.05963570629099394,-0.05583084359712546,1.7965188110980401,0.12203903682728841,0.43242564065195693,0.8622561098639614,2.0749784494350294,539.1656283094746,0.7299285901835205,0.02081632921072127,1.0847487863846441e-05,3.680093704790927e-09,4.600794464665106e-05,6.683093694128704,0.30237184785203075,109.78833793363634,0.5811255919850306,4.727522227887839e-05,147.59438040967666,107.96240017486237,92.13880838654734,0.5852310544218293,213.31433015330666,297.4399499355787
-6.502379968773976e-19,0.09823639639065221,0.025586210273321988,0.12252306666431594,0.05950737871801022,-0.056065396785379404,1.8032159231328562,0.12252306666431594,0.4341502914398378,0.8655564389189693,2.0827439079255616,541.0906770621626,0.7326226933389285,0.020901437247191113,1.089183806523771e-05,3.716097086834671e-09,4.624391781084121e-05,6.71234732027164,0.3034515237178994,110.42304076310099,0.5832023874627665,4.751561985693089e-05,147.8939494250596,108.37226687941207,92.46559801695042,0.5873895401599785,214.0546855881838,298.45541346943503
-6.491602434800972e-19,0.0986325761553087,0.025702595879342153,0.12301838023828322,0.05933483681297459,-0.056280484250618996,1.8099424373899107,0.12301838023828322,0.4358976651314257,0.868925363754328,2.090474829115999,543.001774751787,0.7353290294408455,0.020990450859642365,1.093822348079334e-05,3.75764893964273e-09,4.649931533524304e-05,6.7433425396965525,0.30449038600603295,111.13136431620875,0.5852894169071334,4.7775493283773755e-05,148.18029630799649,108.78592294245577,92.7916349029473,0.5895562790965105,214.791679518916,299.45985085510074
-6.480216560377501e-19,0.09903745833796208,0.025824044415752073,0.12352500273170117,0.05911784647569769,-0.056473469602958605,1.8166962691664081,0.12352500273170117,0.43766829013869835,0.8723639134581859,2.098171594961805,544.9010663976114,0.738047056028656,0.021083490993472138,1.0986707135733295e-05,3.804956831610082e-09,4.6774444112843373e-05,6.776035573983882,0.3054893476658088,111.91141133104405,0.5873861088943088,4.8055156181660507e-05,148.45370667644622,109.20346031960707,93.11700374178197,0.5917307411286054,215.52587086729167,300.45263192986795
-6.468466853101142e-19,0.09945143207362063,0.025950970974832333,0.12404349782503758,0.05885158141299671,-0.056640076307987786,1.823476255038451,0.12404349782503758,0.4394616397441348,0.875873759595945,2.105826114402633,546.7905254860775,0.7407763960166934,0.021181031690810526,1.10375360556595e-05,3.861590265740603e-09,4.707390101646907e-05,6.810482061534507,0.3064475142528573,112.76578774657203,0.589491913346153,4.835920347991674e-05,148.7144609912385,109.6248807014729,93.44163906162578,0.5939124081680334,216.2576878987801,301.431721339068
-6.456201486348508e-19,0.0998750783940018,0.02608393803608081,0.12457467011811468,0.05853069332310184,-0.056776147773278184,1.8302819751796664,0.12457467011811468,0.44127563414472537,0.8794566070893635,2.1134222994197995,548.6727829373723,0.7435166776300356,0.021283652909835197,1.109101245952853e-05,3.93213305205072e-09,4.740319429900335e-05,6.846673933119998,0.30736396254534426,113.69272667861699,0.5916062673737601,4.8693144162478256e-05,148.96283464215952,110.05017245007448,93.76547467240823,0.5961007739203064,216.98752515510122,302.39445365747133
-6.4427927242754e-19,0.10030905960029059,0.026223615498941897,0.12511947181734093,0.058150701765899905,-0.05687464735981648,1.837112226740875,0.12511947181734093,0.4431114604890385,0.8831172522252939,2.120953785718916,550.5503453735618,0.7462677261853733,0.0213921444247138,1.1147547902404302e-05,4.022450904968996e-09,4.776876960724795e-05,6.884593698306718,0.30823811030305465,114.6902515462554,0.5937286067856824,4.906343159441784e-05,149.1990980326588,110.47904997444338,94.08837462203475,0.5982953436675473,217.71559188932952,303.33807134301804
-6.427726179978169e-19,0.10075372338276513,0.026370395373260882,0.12567840319930226,0.057708908448468516,-0.0569339373418193,1.8439656165681733,0.12567840319930226,0.44497011476916826,0.8868577597278589,2.128417996581228,552.4252978314059,0.7490291406649011,0.021506902545799778,1.1207348903491315e-05,4.137310439809423e-09,4.817573310776788e-05,6.924168094913679,0.3090693881834639,115.75297637507414,0.5958584280371122,4.947516630693768e-05,149.4235166631993,110.91156980549513,94.4103026947777,0.6004956340550193,218.44218617017884,304.26018823898687
-6.411378701494768e-19,0.10120948125568521,0.02652470914786036,0.1262520198255557,0.05720220538465251,-0.056952043971878585,1.8508411680221706,0.1262520198255557,0.4468512479902464,0.8906795326936918,2.135808405093834,554.299433925998,0.7518004310551419,0.0216283773014853,1.1270649974718787e-05,4.281654579308911e-09,4.8629237005722595e-05,6.9653137059702726,0.3098576034429979,116.87484319830713,0.5979952945076797,4.9933498025684526e-05,149.63635121327138,111.34764712922268,94.73114004832983,0.6027011728812542,219.16723559897352,305.15841155866445
-6.393686993965972e-19,0.10167682220269324,0.026687059911513482,0.12684099682304556,0.05662795968340192,-0.05692682738671463,1.8577386018681443,0.12684099682304556,0.4487538105418673,0.8945833921343346,2.1431150572324933,556.1754478235505,0.7545812104313618,0.02175707837354776,1.133771671367786e-05,4.460889413714034e-09,4.913469605892866e-05,7.007934008831104,0.31060276598128067,118.04914375753786,0.6001387368415966,5.04438419016856e-05,149.83785762209217,111.78718398246455,95.05077351192851,0.604911498891725,219.8908807453728,306.03043748929645
-6.37384143754515e-19,0.10215630488635745,0.026857988901008663,0.12744604223946826,0.055983821095542924,-0.056856686781686636,1.8646567439911534,0.12744604223946826,0.45067802204778085,0.8985724393067911,2.150331622907137,558.0548414585753,0.7573708896022263,0.021893538904662075,1.1408826943544621e-05,4.6809378602840734e-09,4.969792388603588e-05,7.051985228397835,0.3113042018756891,119.2722007395803,0.6022882759411425,5.101200982528244e-05,150.02828716801048,112.22997966451851,95.36903850214037,0.6071261615760019,220.61300108402227,306.87404332191863
-6.353329679078411e-19,0.10264864920765444,0.027038191791768966,0.12806807282399188,0.05526814534425186,-0.056740327591850014,1.8715937636017927,0.12806807282399188,0.4526241643228081,0.9026532784805295,2.1574506038552936,559.9392139355509,0.7601688971078029,0.02203843819137419,1.1484334648970424e-05,4.94675088645028e-09,5.032414069409836e-05,7.097455188504986,0.31196153547620803,120.5425904324992,0.6044434744202097,5.164322842800612e-05,150.2078865466375,112.67564605823335,95.68569631681632,0.609344720968338,221.3334207195937,307.6871879728881
-6.333342288796654e-19,0.1031544939016934,0.02722826922329403,0.12870786940594062,0.05447935865406389,-0.05657772512087544,1.8785480331669042,0.12870786940594062,0.4545939472300052,0.9068306836688467,2.1644705712255963,561.8304838743834,0.7629745689247749,0.022192282914661517,1.1564503863815303e-05,5.264598792250151e-09,5.101937970137744e-05,7.1443209774987,0.3125740713739881,121.85773559736941,0.60660395348013,5.2343525822176135e-05,150.37689794772362,113.12410443947458,96.00064475981736,0.6115667474516294,222.05207385161324,308.4676436602198
-6.314861279246846e-19,0.10367428112215797,0.027428671270121323,0.1293659946956696,0.05361376948023152,-0.05636846126900531,1.8855189892838355,0.1293659946956696,0.4565871500423892,0.9111054287720466,2.1713854562798414,563.7298161826548,0.7657873533076526,0.02235547798766031,1.1649545590234684e-05,5.641344632583719e-09,5.178988415257203e-05,7.1926057902935066,0.31314065865877616,123.21753881642151,0.6087693133975098,5.311913437023583e-05,150.5355591308006,113.57521651842728,96.3137217028089,0.6137918215646933,222.76877939222433,309.21354862196563
-6.299868605060054e-19,0.10420806505235657,0.027639521100498003,0.13004247389672913,0.05267411354891732,-0.05611657111752743,1.8925053026384375,0.13004247389672913,0.45860426678267235,0.91547783479251,2.178196399945963,565.6386756106381,0.7686065425794116,0.022528051997069896,1.1739474724893145e-05,6.079684415242518e-09,5.263694714392525e-05,7.242223774721853,0.31366194491993354,124.61707971736085,0.6109391180405066,5.397134573959521e-05,150.6857441246085,114.02893900605329,96.62495434534841,0.6160195338128128,223.4834782332424,309.92464523131133
-6.288491249427271e-19,0.10475579702002555,0.02786083874305109,0.13073718361794093,0.05166231144194397,-0.05582504137136064,1.8995064768721048,0.13073718361794093,0.46064498878046717,0.9199450159188552,2.1849035749751478,567.5576040804945,0.7714313843470691,0.022709957151200284,1.18342663633144e-05,6.582023995741068e-09,5.35614259419653e-05,7.293118891276248,0.31413873103235396,126.05369926009608,0.6131129685135893,5.490101463569051e-05,150.82764103470157,114.485230789477,96.93429392881602,0.6182494844814946,224.1961130363262,310.60100359961206
-6.281933989376462e-19,0.10531716989502127,0.028092426729194056,0.1314496993396403,0.050579778386299526,-0.0554966388495752,1.906521761308489,0.1314496993396403,0.4627071636178474,0.9245027805092194,2.1915040960501306,569.4862885372629,0.7742612335684163,0.022900965572253705,1.1933801757297422e-05,7.1502298655325394e-09,5.456361402161665e-05,7.345257036726791,0.31457154664014164,127.52593240563743,0.6152904763343888,5.590842628442653e-05,150.96143453542365,114.9441681846795,97.2417831116929,0.6204812834533875,224.90662819759794,311.24297930353447
-6.281265230500295e-19,0.1058920280974197,0.028334230417968828,0.1321798017246957,0.04942770052519333,-0.05513161758330534,1.9135502642980076,0.1321798017246957,0.4647890652283811,0.9291488948509281,2.1979946034256397,571.424647242,0.7770954967718583,0.023101077819229394,1.2038081198139365e-05,7.78703618385786e-09,5.564445092077946e-05,7.39862194042127,0.31496097981368903,129.03387730664272,0.6174712038627862,5.699451976903651e-05,151.08730592747247,115.40551676865235,97.5473868007397,0.6227145500283108,225.6149698128824,311.8511124748743
-6.28707058032484e-19,0.10648029727071044,0.028586294387478804,0.1329274011543713,0.04820747960428109,-0.054730110546511966,1.9205900253411199,0.1329274011543713,0.46689118122331097,0.9338846778023401,2.2043771984881335,573.3724040358381,0.7799336857072917,0.023310432102105805,1.2147176707715401e-05,8.495865380044781e-09,5.6805221858875125e-05,7.453207001970297,0.31530765959989854,130.57848912141893,0.6196547356037945,5.8160584200672205e-05,151.20543319453975,115.86893458428851,97.85105003083336,0.6249489127463429,226.32108564355514,312.4260319336942
-6.299220812511583e-19,0.1070817249403863,0.028848478136043337,0.13369216139632764,0.046919669984084,-0.0542928592815668,1.9276393643355045,0.13369216139632764,0.4690134245444297,0.9387087382221737,2.2106541800476136,575.328943212744,0.7827752581549795,0.023528936857585937,1.2261040571957262e-05,9.279361143715846e-09,5.804666902573461e-05,7.509013707738877,0.315611887568493,132.16097239094162,0.6218406733237235,5.9407358328398944e-05,151.31599105904124,116.33429578529811,98.15279315367351,0.62718400921392,227.0249250829891,312.9683472036795
-6.318938791968917e-19,0.10769587739193281,0.029120537469394237,0.134473604930552,0.04556396816526955,-0.053817183443034204,1.9346958821273539,0.134473604930552,0.4711553940209243,0.9436207016252229,2.2168279055929507,577.2937830496219,0.7856199999631759,0.02375649706214797,1.2379623273657123e-05,1.014108422054128e-08,5.936995224906662e-05,7.566075867457751,0.3158741940719897,133.78489017827008,0.624028607268776,6.0735997259053705e-05,151.419151036951,116.80138213077434,98.45261337003916,0.6294194859328958,227.72643912359072,313.4787605844329
-6.346667760751152e-19,0.10832218603259754,0.029402085589562088,0.13527106569092437,0.04413936374885541,-0.053300379952532485,1.9417587860619174,0.13527106569092437,0.4733158468009191,0.9486146408184618,2.2228997718779695,579.2656875490959,0.7884676481898889,0.02399292140470954,1.2502825119702759e-05,1.1085254088450146e-08,6.077676927377708e-05,7.624455993108657,0.3160945410375874,135.4551981058274,0.6262181619842514,6.214818668028946e-05,151.5150814917542,117.27007955302949,98.750607341614,0.6316549981325151,228.42558032441482,313.9579545375728
-6.381171783858954e-19,0.1089603047010981,0.029692976692392396,0.13608420000129118,0.04264586015930713,-0.05274033140855995,1.9488264198552678,0.13608420000129118,0.47549521385023413,0.9536893472498779,2.228873381907325,581.2446953686256,0.7913180740250042,0.024238332868210238,1.2630710197087177e-05,1.2120069100818946e-08,6.22704353435846e-05,7.684211146336179,0.31627307116740294,137.17705867815096,0.6284089587164206,6.364724008354573e-05,151.60394768753173,117.740086160355,99.04674041898478,0.633890209604254,229.12230277934978,314.4065353276686
-6.422017117067471e-19,0.10961006957744392,0.0299931874903202,0.13691283142818586,0.04108405440150568,-0.052135922325550504,1.955897475675764,0.13691283142818586,0.4776943348952197,0.958843997514885,2.234752264109601,583.2305431395346,0.7941709401200396,0.02449285927369637,1.2763345113963743e-05,1.3253418996107377e-08,6.385394904742454e-05,7.745391269897395,0.3164100021057512,138.9552287265758,0.6306006483124189,6.523615581688924e-05,151.68591184119109,118.21112171207756,99.34101037361854,0.6361247925394795,229.8165620858627,314.8250964532286
-6.467771535478909e-19,0.11027120752085165,0.030302608793524057,0.13775667071388112,0.03945328346796465,-0.051483906052893595,1.9629707427901057,0.13775667071388112,0.47991293249309974,0.9640766540498875,2.2405378025730815,585.2221030118657,0.7970260091664084,0.024756606274372532,1.2900784926718388e-05,1.4493745515424965e-08,6.553068057202679e-05,7.808085698892479,0.3165054990305358,140.7969975718403,0.6327928774918576,6.691830169179859e-05,151.75949254885583,118.68288858206877,99.63337003532627,0.6383584273698837,230.50831531429588,315.21426359686546
-6.51750929656644e-19,0.11094344895739808,0.030621142519632667,0.1386154461075655,0.037754309405643866,-0.05078223052936037,1.9700437706597715,0.1386154461075655,0.48215276818442,0.9693891494739635,2.2462366155062616,587.2184543059175,0.7998830983434511,0.02502967913219853,1.304308448785752e-05,1.5845682158618926e-08,6.730210728714641e-05,7.872367229395644,0.31656017980551643,142.7087758665312,0.63498528982598,6.869515745264381e-05,151.82488710205274,119.15504122213171,99.92382722213155,0.6405908026106468,231.19752097770538,315.5747805573159
-6.570717377785715e-19,0.1116266291815444,0.030948750879148595,0.13948897201234717,0.035988318530312986,-0.05003085221609071,1.977115715891409,0.13948897201234717,0.48441347781982785,0.9747798236568005,2.2518492706697755,589.2192835021661,0.8027418745470051,0.025312136783282507,1.3190274509266576e-05,1.7316919664326626e-08,6.917091693470967e-05,7.938315179765901,0.31657451883083954,144.69734819448516,0.6371775767493567,7.05694093117202e-05,151.88228911753743,119.62731083475693,100.21237911008167,0.6428216147062854,231.8841390022325,315.90719773308064
-6.627106404078232e-19,0.11232061985759527,0.03128544052177226,0.14037712111121625,0.03415624804854519,-0.04922952548108116,1.9841854887015389,0.14037712111121625,0.4866948758739412,0.9802479829067423,2.2573763473548443,591.2243892003628,0.8056020508746956,0.02560413759307197,1.3342437515931225e-05,1.8917155804396918e-08,7.114057971746388e-05,8.006013756294548,0.3165490446907438,146.7697485705702,0.6393694795447746,7.254452759695555e-05,151.93188859956967,120.09943439368739,100.49902104776596,0.6450505678791415,232.56813069799978,316.211988649675
-6.687141813712942e-19,0.11302506366740428,0.031631008101321745,0.14127949146255017,0.03225867031688324,-0.04837703069780976,1.9912520883303382,0.14127949146255017,0.48899588655581994,0.9857908819660954,2.262817951923124,593.2331393635792,0.808463414041157,0.02590563291290476,1.3499548156802924e-05,2.06570587335847e-08,7.321473444145119e-05,8.075553345933846,0.3164840660653625,148.93335540334894,0.6415606926464468,7.462414353887849e-05,151.9738720011835,120.57127825268851,100.78377444306888,0.6472773739804702,233.24945873052255,316.4895615189057
-6.74943107766166e-19,0.11373982750658997,0.031985459167785286,0.14219595958472164,0.030297730028231416,-0.047473237574406045,1.9983144476323067,0.14219595958472164,0.49131604516839694,0.9914084673616493,2.2681740024335197,595.2453971143352,0.8113257306564141,0.026216783086008857,1.3661689987498127e-05,2.2549438280565694e-08,7.539783150172592e-05,8.147023147426246,0.3163800571569507,151.19561037884776,0.6437508819545221,7.681270642154029e-05,152.00842228446703,121.04260905925622,101.06669378220398,0.6495017523440839,233.92808709262752,316.7402500749243
-6.814591891623756e-19,0.11446494750668124,0.03234890487867494,0.14312653779499257,0.028277088777204966,-0.04652142684624292,2.0053722081000713,0.14312653779499257,0.49365624464559,0.9971002065690199,2.2734467355054813,597.2616884504178,0.8141884984953828,0.026537747481564785,1.3828946056052546e-05,2.4603957424185136e-08,7.769286867308336e-05,8.22046493872657,0.3162376142012554,153.56051701203657,0.645939737294609,7.911321554798267e-05,152.0357189798683,121.51332611343692,101.34789065470999,0.6517234296425102,234.60398107687033,316.96436242904
-6.880152457668972e-19,0.11520046936365146,0.03272145100287176,0.14407123223114762,0.026200398633134333,-0.045525633936440525,2.0124239767800804,0.14407123223114762,0.49601846200730454,1.0028683298267094,2.2786413299723076,599.283035693531,0.8170511678889258,0.026868598453659197,1.4001354066523839e-05,2.6835342152153986e-08,8.01046826714504e-05,8.295910088906666,0.31605700817681165,156.03112253057157,0.6481269749394631,8.153050313096327e-05,152.05593824454186,121.98341229441294,101.62746828995441,0.6539421397456241,235.27710724844314,317.1620527608758
-6.945353039890414e-19,0.11594626191726473,0.033103073106469656,0.14502987511886034,0.0240704870480155,-0.04448818074202205,2.019469880749198,0.14502987511886034,0.49840083643725036,1.008709502341005,2.2837544299195622,601.3103300022989,0.8199133704140034,0.02720937282728571,1.4178933208590807e-05,2.9262438816225262e-08,8.263845685665668e-05,8.373393421061655,0.31583895951623997,158.61078461995723,0.6503123157019995,8.406974761125532e-05,152.06925291975162,122.45285363739568,101.90554609689144,0.6561576235817138,235.9474334185651,317.333557324677
-7.008420133246756e-19,0.11670225847720161,0.033493781955370214,0.14600234274060364,0.021891593696965694,-0.04341296686685668,2.0265092743939923,0.14600234274060364,0.5008029093721683,1.0146233863721021,2.288785843700454,603.3446194979936,0.8227746297771604,0.027560076647186432,1.4361686632197226e-05,3.1897697687491563e-08,8.529730915024298e-05,8.452934677634511,0.31558423062065327,161.3017861093071,0.6524954672747535,8.67340642583881e-05,152.07583258734445,122.92163440881957,102.18234825216686,0.6583696290009395,236.61492861834677,317.4791981664897
-7.067152996375248e-19,0.11746854292956088,0.033893705763056906,0.1469886555635843,0.01966901805169,-0.04230622215893023,2.033541784496335,0.1469886555635843,0.5032258396757454,1.0206099964184174,2.293738445572567,605.3876152067955,0.825634327946414,0.02792075134883519,1.4549635929565001e-05,3.4753330669299514e-08,8.808427158336195e-05,8.534520195974274,0.31529366871022535,164.10399623938983,0.6546761523580105,8.952648353895342e-05,152.07584362530946,123.3897718574733,102.45811388154821,0.6605779106411472,237.27956307312112,317.59923425253817
-7.121520420706884e-19,0.1182452467684931,0.0343029618924243,0.1479888230233317,0.01740837652474499,-0.041174954899147,2.0405667454748326,0.1479888230233317,0.5056715866740762,1.0266704266825284,2.298616858192948,607.4411943299529,0.8284916449691863,0.028291269797836322,1.4742714850357672e-05,3.783534503302035e-08,9.100061802280745e-05,8.618110967156563,0.3149677539869058,167.0151966242219,0.6568540907066522,9.244827478522784e-05,152.06944926243727,123.85750752360724,102.7331736002631,0.6627822297959997,237.94130817723334,317.69393556124874
-7.17310266824756e-19,0.11903265276352099,0.034721786357122454,0.14900299927210664,0.015117171731223688,-0.040028778208514894,2.047583255409651,0.14900299927210664,0.5081446493547207,1.032807579744421,2.303431152293259,609.5078008327501,0.8313456371059382,0.028671481041314874,1.4940844732316271e-05,4.1140848022674565e-08,9.40439995184472e-05,8.703631413594886,0.3146075027545494,170.0306044608336,0.6590290283044146,9.549709084503063e-05,152.0568096320931,124.32513221002178,103.00781830460664,0.6649823542853847,238.6001364692818,317.7637650153514
-7.220774011924527e-19,0.11983114443045954,0.035150500703486076,0.15003142992522675,0.01280323790444265,-0.038879382060359895,2.0545917918751933,0.15003142992522675,0.5106466965115565,1.039020915640511,2.3081840802657547,611.589470993828,0.8341952700062084,0.02906119728265251,1.5143927713732446e-05,4.4667625775447536e-08,9.721227932331195e-05,8.791023068346597,0.314213812449676,173.1468164674517,0.6612006962663053,9.867079516922109e-05,152.03808182511813,124.79292530188617,103.28241652504049,0.6671780583280656,239.25602160780247,317.80921436735014
-7.264039017824105e-19,0.12064145808629884,0.03558973118938239,0.1510747091983937,0.010475725759791239,-0.03774025825116972,2.061592264650539,0.1510747091983937,0.5131829505630459,1.045314096921213,2.3128842169093375,613.6895682307539,0.8370392511713378,0.029460306848017398,1.535190560084286e-05,4.840663886222421e-08,0.00010050069359044787,8.880162753190467,0.3137878120374447,176.35569006233416,0.6633688705055628,0.00010196463168868258,152.01341994187277,125.26128267667072,103.55735593898322,0.6693691224165368,239.9089500661397,317.830814090251
-7.304846547887834e-19,0.12146452759385455,0.0360402802220504,0.1521336073215335,0.008143760120592751,-0.03662638754542024,2.0685858771324925,0.1521336073215335,0.5157566928743468,1.0516871875501286,2.317535072850029,615.8123146161076,0.8398761558832218,0.02986856377361749,1.556465022074911e-05,5.2341263832173455e-08,0.00010390135006109935,8.970887514095352,0.31333111736521996,179.64641821711118,0.6655333343153169,0.00010537071825541999,151.98297514343477,125.73077926844064,103.83296366332105,0.6715553331940468,240.55897940977735,317.82917498525666
-7.341299985350251e-19,0.1223015979341713,0.03650326723190161,0.15320918941967573,0.005816558437035506,-0.035553235102082394,2.0755726593778414,0.15320918941967573,0.5183698003025905,1.0581451992222937,2.322134711559912,617.962303906593,0.8427044264625114,0.030285588502921717,1.5781963784742972e-05,5.645219713922382e-08,0.0001074048546755583,9.063021499807844,0.31284546402360347,183.00789189819076,0.6676938802629148,0.00010887967157661932,151.95017695196643,126.20201633906834,104.109502535683,0.6737364833337567,241.20616620856413,317.80502969124683
-7.376234250871543e-19,0.12315422615919373,0.03698016054136617,0.15430284924784055,0.0035037043384711034,-0.03453678636884067,2.082554335222227,0.15430284924784055,0.5210254609283483,1.0646891271084435,2.326681975794911,620.1437566176237,0.8455224485493099,0.030711016026474906,1.600365608466647e-05,6.071199008557603e-08,0.00011099820867869605,9.15636618142257,0.3123328455935991,186.42853325298773,0.6698502833760265,0.00011247851396132908,151.91837001901325,126.67555193696516,104.38721208664627,0.6759123714199947,241.85056605296975,317.7594820899654
-7.412625464632916e-19,0.12402408494435826,0.037472503901060064,0.1554160327839369,0.0012149603158042857,-0.03359377249529337,2.08953123144818,0.1554160327839369,0.523728514408483,1.07132406413964,2.3311799150677257,622.3599136652928,0.8483283884775391,0.031144223270144305,1.622940243363437e-05,6.508414748900737e-08,0.00011466575135059792,9.250729234543428,0.3117949008387343,189.8970698092139,0.6720023288005404,0.00011615159926314283,151.89081573284113,127.15206096927224,104.66633614558782,0.6780828018315768,242.49223357008398,317.6938159295115
-7.452115186661324e-19,0.12491281430206438,0.03798191611677154,0.15655023316793093,-0.0010412068074611138,-0.03273854092722927,2.0965033458647095,0.15655023316793093,0.5264846924901396,1.0780565858692164,2.3356321143334613,624.6139002232774,0.8511207007013748,0.0315848178931332,1.6458998380997006e-05,6.953831785135109e-08,0.00011839384947657199,9.345909991448277,0.3112337707225597,193.40173563097468,0.6741498070789734,0.00011988531570669398,151.87069379832047,127.63213271137002,104.94701558129115,0.6802475846271562,243.1311638456124,317.6091281779274
-7.495368595067043e-19,0.12582218077863083,0.038510179814282,0.157707050222789,-0.003257082327253057,-0.031984392872535884,2.1034717899031907,0.157707050222789,0.5292980368873759,1.0848890960224087,2.3400382271100617,626.9086531302626,0.8538978277967761,0.03203223769856953,1.6692150963298376e-05,7.40443791177734e-08,0.0001221689697134879,9.441732524099933,0.3106512150879337,196.93207449531081,0.6762925127951612,0.00012366614383491854,151.86110378980288,128.11634355585352,105.22936077369626,0.6824065354325713,243.7673290604671,317.5065270134429
-7.539033067714879e-19,0.12675426698027079,0.03905955059742977,0.15888848080240725,-0.0054257673496987124,-0.031343201382589024,2.1104389335177434,0.15888848080240725,0.5321709089543355,1.0918211845583758,2.3443920075654137,629.2469551295396,0.8566583739187871,0.032486098906750714,1.692866019111557e-05,7.858068043978526e-08,0.00012598026776030585,9.538061520569988,0.31004928933354264,200.4805470937987,0.6784302792997872,0.00012748325530298607,151.86342605242848,128.60514810369614,105.5133084924305,0.6845594753301572,244.40070250162358,317.38703357844594
-7.578603242993427e-19,0.12771129171477735,0.039632559577477064,0.16009670390048536,-0.007542042044268836,-0.030824159321271055,2.1174050029409304,0.16009670390048536,0.5351063108044324,1.0988602650960897,2.3486875630374486,631.6309582808652,0.8594010783838703,0.03294615255871073,1.7168396330750803e-05,8.313085286776465e-08,0.00012981899574198918,9.634767293488729,0.30942978728502024,204.04042908980284,0.6805628990146003,0.00013132791978089978,151.87900484291998,129.09873261766967,105.79877438662898,0.6867062307499884,245.03125853864208,317.2515384881326
-7.612451047211772e-19,0.12869542275245272,0.04023176047449707,0.1613338534056042,-0.009601202393031038,-0.030434748338478035,2.124371176238681,0.1613338534056042,0.538108439251103,1.1060093289940878,2.3529230031013735,634.0625293101383,0.8621247620561456,0.03341217906726702,1.7411244954281956e-05,8.767809990876315e-08,0.00013367680327724477,9.731737095468594,0.30879422007022056,207.60556240408297,0.6826901943707051,0.00013519180270000358,151.90914902474134,129.59736194905898,106.08558871334792,0.6888466333630243,245.65897260060987,317.10089709162145
-7.641819490336062e-19,0.1297084456629342,0.04085935742750612,0.16260169976551178,-0.011599995514278266,-0.03018085324052526,2.1313386100983416,0.16260169976551178,0.5411788219731829,1.1132698543722555,2.3570923277474676,636.5424014199374,0.8648285113327242,0.03388401631979118,1.765712158404963e-05,9.221187646100438e-08,0.0001375480281269328,9.828910086553897,0.3081438557025589,211.17364946320865,0.684811979216799,0.00013906925406076574,151.95513275129073,130.10111820259507,106.37358163199686,0.6909805199761219,246.28380943474767,316.93587513882954
-7.664880178345128e-19,0.1307520879560262,0.041517656471714744,0.16390201475573377,-0.013536106963179022,-0.030065595377167555,2.1383061543197446,0.16390201475573377,0.5443207560838857,1.120650688729356,2.3611940783344654,639.070427347595,0.8675116475899177,0.03436175429108505,1.790607310634972e-05,9.672710896408848e-08,0.00014142938241030537,9.926251658233019,0.30747970730556673,214.74471654374838,0.686928068045807,0.00014295700352546058,152.01819613732266,130.60979522468665,106.66257141715603,0.6931077324288875,246.90566478339193,316.75721253383676
-7.68430716990141e-19,0.13182772117646552,0.04220867646951028,0.16523623579848265,-0.015408993267059147,-0.030090251532361972,2.145272637081351,0.16523623579848265,0.5475372499361375,1.1281603914554725,2.3652277210795125,641.6455562668481,0.8701737524786314,0.03484553812112342,1.815817515431135e-05,1.0122185262120757e-07,0.00014531907341270876,10.023730615048386,0.30680252702308375,218.31875492273036,0.689038287388293,0.00014685327491887912,152.0962646687911,131.12309792544403,106.95247489175715,0.6952281174923376,247.52443742690488,316.56552691409115
-7.695178834276145e-19,0.13293637108012724,0.042934084379892656,0.16660545344988886,-0.017218987214248582,-0.03025508541281487,2.1522382663723243,0.16660545344988886,0.5508284476399694,1.1357994408711103,2.369189589144568,644.2664713990177,0.8728145699416886,0.03533553898437429,1.8413516927761516e-05,1.0569674619060793e-07,0.0001492168020357554,10.121331117385791,0.3061134408837146,221.89630367175096,0.6911424680934343,0.0001507577818371301,152.18731313255222,131.64060736400484,107.24315228328237,0.697341526769337,248.14002912336252,316.3612124991076
-7.693339516350453e-19,0.1340791419467086,0.043695803622498024,0.1680109128810978,-0.01896694050730396,-0.0305590928390239,2.1592033261603785,0.1680109128810978,0.5541958848253646,1.1435693309984076,2.373077881007551,646.9317468194431,0.8754339822103793,0.035832340485528996,1.8672402545872355e-05,1.1015401210116202e-07,0.0001531231727901379,10.21897159773056,0.30541379412890357,225.4735666127551,0.693240459066652,0.00015467115820218952,152.289364695019,132.16164911837834,107.53436924985844,0.6994478165967877,248.75234454929466,316.1443103708941
-7.680361679199554e-19,0.13525708913239678,0.044495654619200874,0.16945375250035627,-0.02065368503551698,-0.031002281411634778,2.166169027922489,0.16945375250035627,0.5576393289365696,1.151467294946704,2.3768878999749017,649.6402103836481,0.8780317859653436,0.03633619169542364,1.8934961800637674e-05,1.1459408578118412e-07,0.00015703778352832773,10.316580393827493,0.3047047064837958,229.0473068325265,0.6953320899739567,0.00015859301981264206,152.40048999645424,132.68565566889808,107.82598448455656,0.7015468479495367,249.36134983521,315.91486238721234
-7.660004350675449e-19,0.13647136270386537,0.04533579259487641,0.17093528230813382,-0.022280938873269176,-0.03158355971413749,2.1731352507316437,0.17093528230813382,0.561158812426548,1.1594961997387778,2.380615442417481,652.390742596725,0.8806079254898227,0.0368476860179722,1.9201503917650986e-05,1.1901978358630583e-07,0.000160961595477629,10.41405908281973,0.3039873163716261,232.6130063281166,0.6974172198878612,0.00016252435636420046,152.51716563564932,133.21195634900096,108.11779862579613,0.7036384863459774,249.96703588729508,315.6727874526005
-7.633006907846004e-19,0.13772278727410528,0.046218028913446715,0.17245649062273846,-0.023851249109326646,-0.0323009925792303,2.180101097355926,0.17245649062273846,0.564754913757704,1.1676604746617472,2.3842585229880453,655.1820654729173,0.8831624658249071,0.03736752494723383,1.9472394448793055e-05,1.2343490246722216e-07,0.0001648961864819454,10.511342202486922,0.3032623793702575,236.16858530231298,0.6994957028005163,0.0001664667775830455,152.63759556036507,133.73976052651648,108.40969837739301,0.7057226017553146,250.56938261685275,315.4181835653693
-7.598595151278072e-19,0.13901199447449472,0.047144000040998335,0.17401818812003828,-0.025367242506346345,-0.03315191223473474,2.1870670959429823,0.17401818812003828,0.5684291028781431,1.1759595736960384,2.3878169163210843,658.0128066658153,0.8856955563295406,0.037896530137374755,1.9748061561946213e-05,1.2784779899649017e-07,0.00016884536029469587,10.608418152317512,0.30253039094798423,239.71476513555038,0.7015674184410705,0.0001704241129644994,152.7600277871176,134.26837950133128,108.70147609040154,0.7077990685064667,251.16837093528835,315.15104475795215
-7.561853661240311e-19,0.14033966614924023,0.048115433244886964,0.1756212140209165,-0.026831763628290428,-0.03413410998586974,2.1940311574102735,0.1756212140209165,0.5721820698112279,1.1844024540266516,2.3912896680720612,660.88186201907,0.8882073030916176,0.038435389809247524,2.0028863892260308e-05,1.322637757624369e-07,0.00017281118918982693,10.705221236931106,0.3017920664437059,243.2492997617363,0.7036322332555208,0.0001743984619894796,152.88275356886723,134.79705738287444,108.99297907426376,0.7098677651985765,251.76398273212052,314.8714155934653
-7.519007767142352e-19,0.14170674777570175,0.04913452067614361,0.17726670918935683,-0.028247408380044792,-0.03524538323167874,2.200992823594896,0.17726670918935683,0.5760164428784941,1.192993376723471,2.3946771687052015,663.7881940674935,0.8906977986731897,0.03898493306074576,2.0315233486579332e-05,1.3669344155969163e-07,0.00017679783856202315,10.80173094493946,0.301047919331761,246.7723479508684,0.7056900261201505,0.0001783940136566644,153.0041065769051,135.32506765276628,109.28399062409937,0.7119285746131077,252.3562008533916,314.5792634394522
-7.470784796449763e-19,0.14311402909038284,0.050203210837888514,0.17895560583025527,-0.029616821836898243,-0.03648374984895288,2.2079519662961427,0.17895560583025527,0.5799350331945775,1.201734237914767,2.397980984258878,666.7305755354035,0.893167102396115,0.0395456726476242,2.0607437544358595e-05,1.411421090949199e-07,0.00018080728967384048,10.897882243336309,0.3002982943757107,250.28091323216,0.7077406769222967,0.0001824127680277234,153.12246209670667,135.8517919779623,109.5743041513939,0.7139813836274957,252.9450090804711,314.2745923634023
-7.413617631531621e-19,0.14456235261903422,0.05132361532224417,0.180688909470254,-0.030942135299586705,-0.037846807655502024,2.2149084399762464,0.180688909470254,0.5839491122875472,1.2106286669818103,2.4012125281756767,669.7078492375057,0.8956152989065564,0.04011821599509121,2.0905792597754614e-05,1.456220288818279e-07,0.0001848445929811575,10.993730220104824,0.2995433776866965,253.77895219702768,0.7097840448213252,0.00018645978366055725,153.23623623752667,136.3765424429117,109.863675632072,0.7160260831303322,253.5303217967456,313.9573366085111
-7.351949236129277e-19,0.1460528472039905,0.05249840426768739,0.18246794676954708,-0.032225396042425476,-0.03933185029646502,2.221861280704204,0.18246794676954708,0.5880615764950963,1.2196837318299911,2.4043725746186086,672.7191515107249,0.8980424643006484,0.04070326335315655,2.12106635503681e-05,1.5014162252058775e-07,0.00018891339191869414,11.089236939468178,0.29878335566602865,257.2643434318353,0.711819995701229,0.00019053872422755677,153.34388515551166,136.898745801709,110.15183597384248,0.7180625679380537,254.11172791250118,313.6273215585185
-7.283575102419591e-19,0.1475868148399274,0.053730611739375336,0.18429418320055216,-0.033468234279489154,-0.04093713211252344,2.2288099771896523,0.18429418320055216,0.5922746524442857,1.2289042996157362,2.4074607079028834,675.7635600497281,0.9004485900512795,0.04130120512922567,2.152225384534937e-05,1.5471170015546944e-07,0.00019301796601483556,11.184441259301089,0.29801818272616026,260.7397664934815,0.7138483996816238,0.00019465386897684868,153.4439042901114,137.41800467263667,110.43857108406593,0.7200907367131125,254.68870995209335,313.2845990463407
-7.206220471957024e-19,0.14916569767410698,0.0550238469788436,0.18616938450961845,-0.034672088792923605,-0.042659317480327565,2.2357533817177924,0.18616938450961845,0.5965931521766489,1.2383010416653406,2.410478400438475,678.8400355025295,0.9028338566264472,0.04191349572423926,2.1841321377925455e-05,1.593558430651563e-07,0.0001971674225359861,11.279352072263466,0.2972476351618367,264.205660346465,0.7158691614076773,0.00019881435593046,153.5348276135728,137.9337938649614,110.72322633816466,0.7221104918836042,255.26042411900883,312.92889946591043
-7.1208031606491215e-19,0.15079061604068153,0.056381328564028776,0.18809499942137442,-0.035838269267644364,-0.04449462331966144,2.24269085675003,0.18809499942137442,0.6010214281933371,1.2478811805785626,2.4134278588216,681.9473645350035,0.9051985194148241,0.04254183667328376,2.216875282609867e-05,1.6411491169439542e-07,0.00020137515429459403,11.373995599951861,0.2964713989485326,267.66311099717734,0.7178821662572389,0.00020303360110799935,153.61849642455414,138.44582894306595,111.00519336136065,0.7241217395643266,255.82581400025862,312.5598680667667
-7.0326429309439925e-19,0.15246146259749374,0.05780369705654897,0.19007101229044687,-0.036968624545251655,-0.04643853883810203,2.2496210738100477,0.19007101229044687,0.6055604558580224,1.257648942359627,2.41631126221208,685.0800993363403,0.9075427896580999,0.04318675831159526,2.2504824550075418e-05,1.690023613857436e-07,0.0002056463114161484,11.46835309639126,0.29568936278927066,271.1103931878367,0.719887304146364,0.00020731675650091178,153.69670735361893,138.9538289976865,111.28419511139757,0.7261243894792483,256.3841785083593,312.1772781720843
-6.948277592335416e-19,0.1541783845203403,0.05929272444120766,0.19209803010845422,-0.03806606884476678,-0.04848473616942551,2.256541624761538,0.19209803010845422,0.6102118371678626,1.2676184737797203,2.419129467407465,688.2321736629633,0.909867304311045,0.04385136399726351,2.2851153724472566e-05,1.741673858098756e-07,0.00021001291806625467,11.562422517533221,0.2949007881503431,274.5462059231875,0.7218844423358692,0.0002116958699925417,153.7712132037434,139.4572631747091,111.55989516296121,0.7281183548853625,256.93396784415745,311.78033020781817
-6.866568399462259e-19,0.15594139874500712,0.06085056788532564,0.19417683462767812,-0.03913350091168495,-0.050624620175887855,2.263451984283108,0.19417683462767812,0.6149802780371195,1.277795849696649,2.42188662509443,691.3975491165204,0.9121731270003561,0.044540506108316336,2.3210268946490644e-05,1.800089704948918e-07,0.0002145355474340579,11.656303530927437,0.29410474007264836,277.9754412576696,0.7238734616548302,0.00021623153823704133,153.84372377651172,139.95573637390012,111.83173660178618,0.7301035524979018,257.4736720072844,311.3680292243729
-6.786168692391238e-19,0.15775058810655346,0.06247953669528397,0.19630824176475092,-0.04017334227369635,-0.052850143023555556,2.2703509802328994,0.19630824176475092,0.6198689266967202,1.2881898802971103,2.424584701928441,694.5705603576891,0.9144612386768172,0.04525909327998347,2.358472812922487e-05,1.8694014355414216e-07,0.00021927321032715912,11.750043718687756,0.293300631320616,281.4000909915557,0.7258542593825189,0.00022098280420628622,153.91590668423027,140.44889636116753,112.09920793017014,0.7320799024168948,258.00182003365654,310.9395205866272
-6.710684646623197e-19,0.1596058769824206,0.064181805787367,0.1984929813236205,-0.04118823652742545,-0.05515237059693726,2.27723747723777,0.1984929813236205,0.6248814882580286,1.298809657008773,2.4272265087272977,697.7459216854611,0.9167327509782911,0.04601258929112978,2.3977378473751262e-05,1.953690929738206e-07,0.00022428563815460003,11.843727450389459,0.29248793006397383,284.82406340609236,0.7278267335158327,0.0002260094436340392,153.9893881481894,140.9363713282719,112.36184591779997,0.7340473280550384,258.5169792460683,310.4938885111859
-6.644453369994242e-19,0.16150720522381865,0.06595950667177615,0.20073172515154367,-0.04218047250676127,-0.0575229244247926,2.2841118543106234,0.20073172515154367,0.6300120887473131,1.309657595578472,2.4298035289867865,700.9185383959851,0.9189886604511892,0.046806081226315015,2.4390870883957128e-05,2.0569759795263486e-07,0.0002296295080239058,11.937361349876403,0.2916661798642887,288.2470337258962,0.7297908169413718,0.0002313681777338569,154.06575378329688,141.4180317730291,112.61922166678113,0.7360057560668657,259.01782483016467,310.0302842685088
-6.589905740194488e-19,0.16345454571874074,0.06781500548626343,0.20302520246494182,-0.04315177435480577,-0.05995344062533744,2.2909708160997346,0.20302520246494182,0.6352764063946323,1.320756655583031,2.4323305644988498,704.0836828004932,0.9212299580974667,0.047645089734037,2.4828082195953897e-05,2.183804139893321e-07,0.00023536697072563237,12.031059254634817,0.2908345203177027,291.6752543489219,0.7317463977464154,0.00023712119666698624,154.14654936930447,141.89378372983205,112.87110324921844,0.7379551162791891,259.50339516527174,309.54790050475805
-6.552638687025004e-19,0.16544776145858842,0.06975065033780345,0.20537406165763705,-0.04410399880908131,-0.06243494002947231,2.2978098256819264,0.20537406165763705,0.6406972656181866,1.332138181226824,2.4348291124356165,707.2369108141293,0.9234576660059421,0.04853567077614719,2.5292168200180053e-05,2.3389847011508367e-07,0.00024156021693461278,12.124902849815427,0.2899922255426693,295.1131736695655,0.7336933905064843,0.00024333075409328797,154.23328160884438,142.36354388013072,113.11728708193435,0.7398953416227945,259.9728720057766,309.04599515825635
-6.537391891060963e-19,0.16748675583547723,0.07176917974003065,0.2077790767010759,-0.045038749856682034,-0.06495858646156774,2.3046275886795544,0.2077790767010759,0.6462754659908916,1.3438132422147315,2.437298950044711,710.3741755750043,0.9256728571123789,0.04948465591189086,2.578668885455392e-05,2.5302533996471697e-07,0.0002482887146094184,12.219008642199379,0.2891383090181186,298.5677953308492,0.7356317050495957,0.00025007636766148135,154.3274188724904,142.82740222198692,113.35788711905336,0.7418263680653678,260.42589344724405,308.5241345960501
-6.545010925216418e-19,0.16957151790611072,0.07387360004576386,0.21024111767474987,-0.045957077736718234,-0.06751547478123171,2.311419939928943,0.21024111767474987,0.6520326286936334,1.355812601643652,2.439758600858091,713.4917731802353,0.9278765751062693,0.05049931750102359,2.6315433820230063e-05,2.766942779450332e-07,0.00025563648346453414,12.313487822879047,0.2882721088002674,302.0460998325202,0.7375612497348434,0.00025744212021138005,154.42876302480394,143.28530405238706,113.59309562379401,0.7437481345456335,260.86224967187394,307.9820377623583
-6.575300480507284e-19,0.17170320560239274,0.07606927923482919,0.21276237429804948,-0.04685896649781581,-0.07009827008420279,2.318186099582041,0.21276237429804948,0.6579765078880926,1.3681508574748926,2.4422110786272673,716.5900997189993,0.9300698127499448,0.051587457558120005,2.6882468764000874e-05,3.0582320722723804e-07,0.0002636921194667414,12.408460737131605,0.2873928405675493,305.55533204367333,0.7394819404085846,0.000265516676856119,154.53711977297874,143.73726822806842,113.82276378880832,0.7456605829086826,261.281422169371,307.419102113321
-6.625318248292309e-19,0.17388268781938748,0.0783606687935351,0.21534444757596724,-0.04774320136029428,-0.07270152285078063,2.3249266120543215,0.21534444757596724,0.664111004778377,1.3808320124754676,2.4446570239226015,719.6706843283173,0.9322531962032025,0.052755164146006804,2.7490966204275265e-05,3.414494776205608e-07,0.0002725283878495014,12.503987491128388,0.28650060362603064,309.0997814753171,0.7413937364921155,0.00027437286290350803,154.65229860049547,144.1836417803395,114.04687074809983,0.7475636578424738,261.68377507947986,306.8354035639667
-6.68939483546309e-19,0.17611111211165859,0.08075236782975694,0.21798891806363505,-0.04860751832280593,-0.07532184788725087,2.331638849220222,0.21798891806363505,0.6704524808596299,1.393881084804756,2.4471076217240415,722.7346308074443,0.9344268822362148,0.054007583108260024,2.8143607664542577e-05,3.8424511906685254e-07,0.00028218244433864955,12.5999774083989,0.28559589726020884,312.6738079925538,0.7432965865522612,0.0002840479299494218,154.77411270185834,144.62466985087732,114.26568382628284,0.7494573068154838,262.0701816410106,306.23119638737603
-6.772871461791657e-19,0.1783903839858475,0.0832513660140867,0.22069827520787097,-0.04944934591131584,-0.07795504610287751,2.33832177745299,0.22069827520787097,0.6770096807904447,1.4073173714853922,2.4495653043846812,725.782838021944,0.9365910022322085,0.0553520950263096,2.8844239200785058e-05,4.3510473991215476e-07,0.00029270161013073904,12.696299731475293,0.2846793513298876,316.26914222321375,0.745190426484102,0.00029458934846331473,154.90073829339707,145.06054540302864,114.47959253706512,0.7513414800154923,262.4426090659911,305.60664457885423
-6.870472183230328e-19,0.18072497473228405,0.08587399099231596,0.22347837754469044,-0.05026620053671405,-0.08059567337778492,2.344974371798611,0.22347837754469044,0.6838046229836804,1.421180170053371,2.4520350712231958,728.8198298614601,0.938745823224495,0.056805116958831746,2.9601415820129448e-05,4.968270709972912e-07,0.00030420805587217883,12.792882247264679,0.28375145818814357,319.8819048691184,0.7470752055094697,0.0003061195876379732,155.03039619074204,145.49159292680784,114.68903918814094,0.7532161302894782,262.80297777810097,304.96183937937616
-6.97068306706882e-19,0.1831206179765141,0.08864135790409114,0.22633651757451384,-0.05105644612554274,-0.08323981758203836,2.351596119111547,0.22633651757451384,0.6908619058168115,1.435511641565213,2.454521063757262,731.849554479285,0.9408915327098147,0.058385261505225695,3.042483663638462e-05,5.741528935532594e-07,0.0003168788414940953,12.889759467337464,0.28281239830126986,323.51525993104025,0.7489508791599078,0.000318815974064494,155.1613509674094,145.9179496679264,114.89445166025381,0.7550812130846121,263.1531622872982,304.2968327032303
-7.065943224148772e-19,0.18558320034445405,0.09157581573294729,0.229280137742603,-0.05181887666735096,-0.08588384859930083,2.358188599113737,0.229280137742603,0.698193689324785,1.4503404278010046,2.457015394647478,734.875203007185,0.9430282878049249,0.060111511642647344,3.13243937689648e-05,6.732372400995552e-07,0.00033092033343249885,12.987007495865088,0.28186237502105976,327.17495319028785,0.7508174349783695,0.0003328851077133912,155.29191012773143,146.33962920890198,115.09612468038891,0.7569366863903242,263.49499204959875,303.6116801317732
-7.160427149153392e-19,0.1881190833185717,0.09470216300674691,0.23231718461635117,-0.052552517952390576,-0.08852442267554693,2.364754496608864,0.23231718461635117,0.7058060431132833,1.4656889396007564,2.459503610756509,737.8984628887156,0.9451561813646657,0.06200429828112836,3.231073386197196e-05,8.053334663084909e-07,0.0003466350474197105,13.084747480367103,0.28090140355356696,330.86942917727555,0.7526748315266821,0.00034862966416672713,155.42042329390028,146.75645466799537,115.29429969523608,0.7587825106814308,263.8302288747487,302.90638321694803
-7.275745397653207e-19,0.19077066088569541,0.098287471341381,0.23549453990005367,-0.05325640482855088,-0.09117040238401566,2.371294537748905,0.23549453990005367,0.7137992016322633,1.481752964992469,2.46198299153776,740.918294992757,0.9472737163609625,0.06410938707955399,3.3407705617274375e-05,9.89347258798684e-07,0.00036442024284222594,13.182929614730023,0.27992991549100954,334.5951685341258,0.7545230318261987,0.00036644761808233694,155.54686343814578,147.1680878375981,115.48880625713286,0.7606186488623011,264.1588339679625,302.18095879770857
-7.430724079267244e-19,0.1935778214661407,0.10258537582001266,0.23885686957140206,-0.05392810637674755,-0.09382940991627903,2.3778118012464553,0.23885686957140206,0.722271646836841,1.4987084227273881,2.464438567977734,743.933536524764,0.9493795589515247,0.06649269872503139,3.464966061752299e-05,1.2625410821806615e-06,0.0003848657144280676,13.281502811568226,0.27894808686294376,338.3488193779464,0.7563620080396083,0.00038692976422350636,155.67120451529104,147.57437528112177,115.67947341546085,0.7624450662120476,264.4808642432647,301.43540985020843
-7.620922885554458e-19,0.19657785188046173,0.10783332992930836,0.242446502780104,-0.0545649948703297,-0.09650701888048231,2.3843068060652315,0.242446502780104,0.7313260204080793,1.516742468327175,2.4668686295596975,746.9431592742219,0.9514726319358341,0.06923573305937779,3.607906881676536e-05,1.7073856765600752e-06,0.0004089103332208612,13.380509867858715,0.2779559589088941,342.13364885638515,0.7581917284726747,0.00041101592529709554,155.79342144224196,147.97539917806037,115.8660889157712,0.764261730330721,264.7963879053392,300.6696876129783
-7.834200311077965e-19,0.19980594602656707,0.11426110359895224,0.24630426217096693,-0.05516502481120082,-0.09920642771630346,2.3907794016166184,0.24630426217096693,0.7410732143373929,1.5360657313819206,2.4692754264456163,749.9458914244645,0.9535520516924152,0.07244805711482634,3.7753026115070856e-05,2.4986644156990767e-06,0.0004379641156912834,13.480062852580987,0.27695364446364557,345.95768686688336,0.7600121540476799,0.0004401172551303927,155.9134900778418,148.3713884859755,116.04840773807034,0.7660686110864958,265.1054607212253,299.883758112778
-8.072552945749879e-19,0.20329095109941978,0.1220597490940999,0.2504656091811676,-0.05572839323221206,-0.10192585844371575,2.3972307807805744,0.2504656091811676,0.7516004262402343,1.5568652679418546,2.4716508308237395,752.94176879706,0.9556176547475522,0.07627176899346472,3.974558050727411e-05,3.857002579017652e-06,0.0004736204934565992,13.580320415512167,0.275941290128926,349.83216537973664,0.7618232484843309,0.00047582889075398395,156.03138720308533,148.76278559401834,116.22602649383546,0.7678656805638265,265.4076692897785,299.077606592817
-8.322230176494899e-19,0.2070540771762566,0.1313730380157691,0.25495866280092966,-0.05625875695668826,-0.10465942330490113,2.4036598173144763,0.25495866280092966,0.7629928111907444,1.579316559699814,2.473997352437383,755.9333623516269,0.9576700204233538,0.08085507925663421,4.213396521971246e-05,6.256444215360082e-06,0.0005182690878646369,13.681501904727435,0.2749184588752659,353.7721484589555,0.7636249770025938,0.0005205416088482729,156.14873112668607,149.1500826814288,116.39852568927259,0.7696529130125611,265.70145135625967,298.25128423693667
-8.595500722738554e-19,0.21111391567578583,0.1423262437108804,0.2598065827813138,-0.05675972635029504,-0.10740712011151278,2.410066220347127,0.2598065827813138,0.775309640138673,1.6035503460379534,2.476312275501533,758.9190248020101,0.9597089930232229,0.08630025580785064,4.497147254186779e-05,9.777727721395764e-06,0.0005727389056398033,13.783617654315687,0.273885422031857,357.7783824722083,0.7654173074349537,0.0005750860842913963,156.26710002536635,149.53362579441983,116.56567556904612,0.7714302847979927,265.9866792831853,297.4050114375161
-8.888452167426133e-19,0.21548567778990493,0.15502689320229707,0.2650288599115919,-0.057235543344857046,-0.11016424226261462,2.416448408517486,0.2650288599115919,0.7886068980283505,1.6297005544188294,2.4785956491095447,761.897285686781,0.9617347032589117,0.09270443825375702,4.8308722383402986e-05,1.458490557864206e-05,0.0006382140060747323,13.8866306819476,0.2728424450313981,361.8479327807565,0.7672002109093383,0.0006406474288125824,156.38803270441062,149.91382611220808,116.72721880788627,0.7731977743518367,266.2632416067344,296.5390005099356
-9.192582611546834e-19,0.2201853294119435,0.1695923552623062,0.2706457429617429,-0.057690112618285695,-0.11292725042957504,2.42280517259682,0.2706457429617429,0.8029392405747627,1.6578920289263075,2.480847273190055,764.8674771957122,0.9637472424122456,0.10016782875435948,5.219793056506121e-05,2.077953451388126e-05,0.0007155411490291067,13.990363822790663,0.2717901037592467,365.9680380112934,0.7689736513267874,0.0007180739733796813,156.51302934522496,150.2910138657419,116.88297015467965,0.7749553621241148,266.53101921405226,295.65348872859454
-9.502266888774674e-19,0.22518274459950025,0.18592825407842137,0.27662035833947946,-0.05812427534891702,-0.11568865987630061,2.4290861887554045,0.27662035833947946,0.8182076427695283,1.6879333942640335,2.483026901344373,767.8105143240673,0.9657281440293914,0.10862764960769992,5.660638332865688e-05,2.8313832012627202e-05,0.00080398336717622,14.094154311405626,0.2707283312711191,370.10976646126045,0.7707226085850667,0.0008066280154612394,156.64034130261328,150.6626999972018,117.03107524172974,0.7766880305359332,266.7853152386962,294.74851237173965
-9.790974420923958e-19,0.23041197494127974,0.20369812776428245,0.28287696383810673,-0.05853908985806302,-0.11843017989707205,2.4352416776223436,0.28287696383810673,0.8342390395249899,1.719477677381216,2.4851024476966006,770.710190402634,0.9676607802786286,0.11799479589971279,6.148764768093021e-05,3.713274863626063e-05,0.000902694922079225,14.197532441359076,0.26965667548553784,374.2573414124923,0.7724324333825668,0.0009054625209295923,156.76668100666512,151.02655854620363,117.17018531064708,0.7783811389331375,267.02321561609193,293.82422839987817
-1.0035113885750886e-18,0.2358098697119785,0.2225796281022771,0.2893423392684036,-0.0589375078168814,-0.12113553312336187,2.441223234484085,0.2893423392684036,0.8508434943662487,1.7521820131731611,2.487037449706078,773.550708002088,0.9695287635833992,0.1281597924549227,6.67846755888039e-05,4.716337637720644e-05,0.0010106344931891545,14.300035050329019,0.2685750281068206,378.3948011529612,0.774088849017944,0.0010135345878564406,156.8888427294203,151.38015854101104,117.29897152915296,0.7800204164158314,267.241881155517,292.88085734142777
-1.0237057221415675e-18,0.24131629072256716,0.24226782228066127,0.2959461618698959,-0.059322769898798824,-0.12379008789340024,2.4469836572538495,0.2959461618698959,0.8678446686310921,1.7857133353132388,2.488797797848418,776.3167761329953,0.971315964363423,0.13899880009209079,7.243293386768235e-05,5.82883072524238e-05,0.0011264221636029129,14.401117459344851,0.2674833833216813,382.5000009681397,0.7756779479429929,0.0011294627857881122,157.0037010319556,151.72088917918228,117.41617384212186,0.7815919547906179,267.4385343866139,291.91866700876693
