Mode_0,Mode_1,Mode_2,Mode_3,Mode_4,Mode_5,Mode_6,Mode_7,Mode_8,Mode_9,Mode_10
1.0,1.0,1.0,1.0,1.0,1.0,1.0,1.0,1.0,1.0,1.0
0.1369265734062658,0.7311296832708873,0.7219423933882864,0.7496831659317166,0.756864775795216,0.7173982549704202,0.7903887941872443,0.787199019054756,0.800863786018041,0.7555086721069285,0.830039061717297
0.112045324197187,0.7835051829573952,0.7352663842067108,0.7442658141085883,0.7284064228610574,0.7873240428541064,0.7320069898817481,0.7393221277757661,0.7651020995214999,0.7168930241050677,0.7206039209504267
0.1058384977781531,0.6409394095002606,0.6746984056842102,0.7550849323421823,0.728154262126405,0.7739121278062493,0.8049359859964736,0.7266312575194,0.7486299033501681,0.6955364201408539,0.7901245008036724
0.2944513509282527,0.8337330513579181,0.775311230500359,0.7795282450316176,0.7393622915328735,0.7239301624362767,0.7538375061987672,0.7376643814384266,0.7895540021734758,0.7097463357975675,0.7224676791484537
0.1374914394273476,0.7615245947455974,0.7036013453662548,0.7722719799426156,0.7524846022774967,0.7800559691519077,0.7755113801226117,0.7886560343408113,0.7280715245705345,0.7762169146374364,0.7528300626307705
0.17043670187266,0.741271302717303,0.7092011898857334,0.7537326942982314,0.7315916243105601,0.8184406936956303,0.8064643309266313,0.6963634653609363,0.7906637577956654,0.73663124428385,0.755229831025261
0.1175364828345026,0.7695189927620412,0.6748887477529023,0.755577255207801,0.7417468917232829,0.7564107028736875,0.7619422374149244,0.7008595149813959,0.7406805305507292,0.7654202672328008,0.7576308320577123
0.0882081653417313,0.6583418414922811,0.6512681018272708,0.7393251074841473,0.781522471859959,0.7729793305849654,0.801793928948431,0.7460991304862266,0.7666679195976096,0.7603767943014589,0.7677383299634972
0.0729568208666986,0.6538549616455155,0.5914633061613687,0.7568750470068969,0.7001301254743988,0.7831257925084112,0.79958110600221,0.7262642352290904,0.7744717891113827,0.7216794220969562,0.7684489345978321
0.1250968062540389,0.7824527201021568,0.7374682745332871,0.7680020049646756,0.7404794824081116,0.8127626083395793,0.7920387529362773,0.7572607466419938,0.7451578942806542,0.7033202088301121,0.7411045503535795
0.1093992659781571,0.5751908737608126,0.6915828234314707,0.7504844942367519,0.7347880167378582,0.7845547044625354,0.7852138839692167,0.724032745204479,0.7576015466724999,0.7740795137245717,0.7461851256607137
0.1254527884802539,0.6286734612674056,0.6902802857686573,0.7373810848374919,0.6836156046206219,0.7740955576914056,0.7702003438229948,0.7392485281512515,0.7581501045097465,0.7416703666443084,0.753733644736773
0.0836934176967926,0.6721404261202782,0.6927998938579123,0.7400274929545196,0.7008209844425792,0.7792808370330422,0.75091280349144,0.7392517850936302,0.7515968904096173,0.7440290472059605,0.7190063693169093
0.087125685407515,0.6770291100349588,0.72065560934504,0.750626831405443,0.7198729547327714,0.7844223419864245,0.7767850409783167,0.7405793050724928,0.7662075288106608,0.6999979885277099,0.7288437270279924
0.0932019143573318,0.6513599747432336,0.7130674723445879,0.720026644375841,0.7442663614416789,0.8064488473015716,0.7836761110395206,0.7420066696111023,0.7528267101267384,0.6766439524094714,0.7375411955046547
0.119751006080591,0.6886864190437959,0.6142929249161129,0.7394764792458877,0.7578326526185977,0.8244329734435674,0.7731801297941077,0.7536704454955268,0.755478474124111,0.6961666556622674,0.7583387813145591
0.0824853736417876,0.7068019028890007,0.6219915699942515,0.753379886612296,0.7713604679170674,0.7763808869108202,0.7778865010972811,0.7566741724977093,0.7260899969898222,0.7124556096339826,0.7578694430971642
0.0660011667776903,0.6570688168423465,0.6720573561306495,0.7802612697729033,0.7579757160439985,0.7656493646853335,0.780814296276689,0.7063691623932915,0.7498176985345403,0.7347798491913011,0.7167970355074497
0.0863995540407253,0.7225877108169257,0.7001404212975704,0.7435027858105601,0.7066390145768142,0.7900891566563832,0.8232623251657609,0.7155631892756877,0.7853220799828508,0.6815023951789725,0.6888218290067194
0.1350091872753911,0.7268633840510452,0.7339161182759601,0.7330764279169725,0.7295794301669521,0.8084176869515838,0.8099766908034871,0.6671767398592172,0.7915110848656757,0.6900548429804627,0.7428185516329984
0.1408377545392181,0.7312711478738989,0.7457893524471717,0.7289558560093697,0.7438316607484795,0.7710794487174063,0.7676822777232911,0.7088034467213773,0.7722230747121532,0.7157244526057709,0.7483331144393913
0.1212394185821733,0.54718624268546,0.641487636708833,0.738905457903908,0.6888742047463334,0.7793436699305891,0.7333038007368373,0.6784574473487663,0.7692472328034576,0.7171508171566944,0.7053909568530305
0.1438734131899903,0.6291425802055004,0.7049586865772348,0.7389826068646607,0.7158831602585489,0.7056709869659827,0.7606675621036587,0.6973021597527815,0.7862420213518999,0.6928615933233881,0.7096141980525839
0.1703871014806899,0.6791319092983641,0.7318260285849629,0.7319651514220813,0.7160498350193593,0.7317663580088662,0.7599321622511276,0.7179090357749645,0.7976307837837353,0.6865469000275973,0.7261304939743944
0.1357886147838352,0.6800097513689125,0.7136104339679153,0.7290874767884674,0.742314267229626,0.7150217450362242,0.737693404206921,0.7356506868736192,0.7589164422322253,0.7151741753486399,0.7038252341840806
0.0836432898469001,0.6701359820387909,0.7023027786964248,0.7624176170948282,0.7162542244701028,0.7280448707385654,0.7567019457782808,0.7143190248356646,0.7414040086067616,0.7260735429065969,0.7194065161783605
0.1146378286847251,0.7105206141011475,0.6570087977987592,0.7421262451838894,0.7210543590090785,0.732316169585584,0.7728948757302383,0.7414338661138203,0.755402860097738,0.7025013527425523,0.7272431175874543
0.1263512308571359,0.7239878914056831,0.6968336712166244,0.725206194917538,0.7296449735830123,0.7581644838850188,0.7376954470669034,0.703809395705041,0.739780540524376,0.7299007679104758,0.7485921795043502
0.1372842634832885,0.7538056363989869,0.7162952265770135,0.7458974058800021,0.7552922082974827,0.7767140136459901,0.756113498284265,0.727127992041126,0.7537693539792901,0.6978105394518246,0.7542794370555075
0.1075245429452788,0.7602923793640877,0.708207556525189,0.7410083000289565,0.7231843284138473,0.7738147178291781,0.7751743811863854,0.7445829340309411,0.7800433468908091,0.7133262759340679,0.7354894977454862
0.1507903609150322,0.6431517270340785,0.7500928197419163,0.7376486688374886,0.7475493511798696,0.7883927680349039,0.7862904163876403,0.6964795116689617,0.7284584148650802,0.726108666650326,0.748121878042525
0.1751552572215516,0.7153536443317867,0.7234760435870788,0.7166463070646026,0.7496920358873105,0.798784658929617,0.7888303917729035,0.7138008248958845,0.7626197375524888,0.7244547745419119,0.7580314174730773
0.1945410660135863,0.6931815095695882,0.7534466894758092,0.7514539418630082,0.7176049332629335,0.763150045814688,0.7893338805563896,0.7218691093014387,0.75018387286282,0.712300736628051,0.7077271390235417
0.1990618111259755,0.7089997391291429,0.7937340508325961,0.7324463426211576,0.7206499765534846,0.7624699550270368,0.7635360423554264,0.7182995108981775,0.751602321716515,0.7242162237453997,0.733623193448951
0.2089778004843152,0.7158762485858129,0.7740281905636412,0.7515854612350954,0.7007979180784456,0.6733404490970568,0.7942124696013297,0.6798342268216392,0.7574062015560857,0.7285729875722596,0.7137985146317262
0.1186950090745855,0.6328180442942382,0.7183451336279588,0.7311551203063047,0.7046624112312225,0.7104719858413489,0.7488311271189245,0.706587705560171,0.7428304281164261,0.6963537449165123,0.7398354180580018
0.1623365757882935,0.7071117020624518,0.7781946753791128,0.7342113393920319,0.7294404416426197,0.7553864147776723,0.7781709599238344,0.725263745391394,0.7745779513978983,0.7233827805334136,0.7561826153295773
0.176212040188581,0.7399806635878665,0.791252813772952,0.7475518793708916,0.7446362076122728,0.7521647293918093,0.7796782961343534,0.7394494034415973,0.7497232020732021,0.7040980289728263,0.725160950084066
0.1511308210064576,0.6350310309417598,0.7086751804221877,0.7001672907386906,0.7484905116028098,0.7525464221428518,0.7489195675119795,0.736392639399407,0.7374073954940619,0.7569356109858063,0.7384055338768276
0.1591972828886898,0.6737482794250158,0.7431055753083672,0.7433305437698101,0.7523673957091267,0.7730883867639469,0.7997908958645674,0.7423756945480016,0.7509849535932074,0.7538377356244299,0.7725489011726494
0.1473991176755245,0.6260752702972467,0.7514075598517826,0.7539510219060658,0.7622815756104862,0.771878576191919,0.7695476231535153,0.7249624007103913,0.7631972495331651,0.710748672822699,0.7769476205882917
0.1361709228573286,0.6137221966185665,0.7531365103030774,0.7026542586783572,0.7676119167472074,0.7767056526210354,0.7792757982684753,0.7082590901191096,0.7484905148445963,0.7192556460509278,0.7658602385666183
0.1230035141710789,0.6169409025517715,0.6821584170598647,0.7232106539365423,0.7393912305572139,0.7972817863110875,0.7915193008969248,0.716168610901939,0.756529090839837,0.730500078660302,0.7539176843267954
0.1308249766155659,0.6538938454367917,0.7151255807919266,0.7259812022225565,0.7314406221215247,0.7817600208540858,0.7926060335445204,0.7279602426081504,0.739188810573904,0.6779521550526802,0.7674356453898447
0.1228752693400118,0.6653881138016784,0.719635208515019,0.704273884153016,0.7492928338258736,0.780231109618103,0.7605758744702454,0.7445467994705481,0.7441682989645375,0.69972167576113,0.7292324122275746
0.1067696941748369,0.5941277235130512,0.6895861036727685,0.7357396505979937,0.7635031653794373,0.7617745054017437,0.7569959828232175,0.7376402882940626,0.7556020824842372,0.7154672257803258,0.7169270527737645
0.0832968577391703,0.6526227784002354,0.6780519476109054,0.7106448472729476,0.732078815567992,0.7355372454205884,0.7748236117742464,0.7440245163722374,0.7575919940199818,0.7386001223994809,0.7276838053472532
0.077781245408257,0.5846876053511892,0.6886378536252955,0.733440932630847,0.7305715242038019,0.7673632527931794,0.7754889424930553,0.7189685387342071,0.7607008663275872,0.6953253982009857,0.7462006328993169
0.1215516377656089,0.6294553076219742,0.7076034170022283,0.7393884041988485,0.7410554010159088,0.7856582557214605,0.7396805171156058,0.7337909382792243,0.7655161757118905,0.7334923220453127,0.7245511911363708
0.1327939054639249,0.5542035927036816,0.7353626446681468,0.7553491271962445,0.7725487311463806,0.7683028443703706,0.7619769631471143,0.7512228616584258,0.7494096679210113,0.6837167289398706,0.7401067744365395
0.1320740216654135,0.578077816388866,0.7180858137723667,0.7539112337438265,0.7424852962856229,0.7904309118721549,0.7512596172677455,0.7520749259035917,0.7358882042036771,0.7138924144758985,0.7249553480788866
0.1421324513759412,0.5868389022800564,0.6884323394546061,0.7147800267707557,0.710153531531743,0.7234364665748896,0.7832643347379,0.7301899174903406,0.7344183153602998,0.7290079421320717,0.7409529545365339
0.0749643093817728,0.6032689461467293,0.7112515264970053,0.7378458094517379,0.7248915937161614,0.7276408583794194,0.6908259816631166,0.7361477336822214,0.7602923928339942,0.7344864915143784,0.7310043018410017
0.0924541532825717,0.659109510597093,0.7174040924182177,0.7526419600603982,0.7198325578588292,0.7665952108093921,0.7117434143412891,0.7261263644907209,0.7390400824052323,0.7079383877820307,0.7178975457544956
0.0390259176989346,0.6543855970079621,0.6837170098691722,0.683481001963212,0.7340623154227957,0.7204280842400373,0.7413912879321766,0.7318410091082358,0.7320301607018147,0.7381068445334886,0.7390654288426715
0.0819338855866049,0.5987472614531971,0.6598649249146779,0.7023697832807021,0.7409165749952454,0.7404027839445677,0.7382215550147345,0.7135340732915472,0.7540025486668906,0.7426994663849408,0.7113381120776007
0.0719255325942059,0.6065555538296303,0.5871152281365535,0.7475625271603349,0.7373871835645871,0.7461176299814853,0.7607445039452615,0.7086779671418509,0.7447820720335298,0.7301200343228285,0.7219726995378534
0.0954695374918897,0.6302478939417798,0.6134684009554613,0.7574979256266199,0.7367544966145346,0.7351007696458253,0.7735228851716209,0.7288969656623501,0.7461028005382919,0.7484100695249214,0.7204611447524059
0.1047946466247993,0.6064798583622999,0.64635450186292,0.7672083106714738,0.7491854687860298,0.772797741692173,0.7650214733741271,0.739097303808449,0.7241798513707475,0.6642077657117504,0.7308976494672778
0.0695090589906781,0.6298823575041986,0.6754332047537881,0.7432573078773907,0.7368806334690325,0.703573486482894,0.7674737061315471,0.7515447099936586,0.7589510364739639,0.6668247387806676,0.6920359633056258
0.077607936964209,0.5607965930761385,0.6914212462344071,0.7563471637295145,0.7534628726138788,0.7495165121985121,0.7784279922479922,0.750944427610246,0.773693694682219,0.7035446585101941,0.7152965981418864
0.1058975991324008,0.578630773542386,0.6929121605480932,0.7584129454991035,0.7367991939933011,0.7524437791750812,0.7800626922245902,0.7572855741632027,0.7712842929609469,0.7126296937467882,0.7515872475350769
0.1209541650163507,0.611515014763895,0.7112389741754624,0.7487423925918192,0.7032140808580699,0.7686404415407977,0.7978685218944028,0.7478896700606553,0.7837589472311328,0.7112600850097782,0.7515778036603846
0.0548963215319884,0.6338094037330189,0.7106204526217129,0.752972411119472,0.7157828963915221,0.7717384082306048,0.7788921431745499,0.7426965648385392,0.7455304034270432,0.7310077508094157,0.765810193498658
0.0660652155100195,0.5993114844547985,0.7140633253819357,0.7539297582762093,0.7453685632715749,0.8040276838770473,0.793021154486004,0.729998772504999,0.7623861887565992,0.6750666500362459,0.7725587511153919
0.1050634501576101,0.5455720472164007,0.7313184009881224,0.7490115421268162,0.758632420303648,0.7762681015157793,0.8076362619354899,0.7370202442845115,0.7428901233682312,0.7006085497472161,0.7820732260412606
0.1383248086853434,0.5600629919614182,0.6998336298066412,0.7543196083759223,0.7430485280546945,0.7777604093132644,0.7217368858258968,0.7136644290978593,0.7477958042904198,0.7146826175031739,0.7788962979188804
0.1548868813240608,0.6460138985335488,0.7308952939164588,0.7587906170166171,0.74860178735749,0.8054893142883615,0.7468042725423647,0.7273465178182258,0.7584525536836713,0.7221947979897855,0.7187113018562185
0.1480848601699774,0.6488229083804273,0.7196143773048052,0.7830858331773634,0.7460961317028533,0.8187583309739102,0.7583704047245844,0.7546965321065187,0.7760251511616583,0.7491256120276129,0.7201623092812842
0.0890848391207862,0.6829237161339938,0.6680035094140766,0.753159285383135,0.75703258242503,0.7491089180002926,0.7661270033257492,0.7207712215565498,0.7830311129323568,0.6924042923195948,0.7240272723282
0.0814401771627768,0.6051684518802767,0.6741116656463185,0.7423760264668368,0.7365718429598953,0.7789105118288571,0.7682008707471324,0.7177441914404501,0.7435682516605576,0.7133405348395279,0.7488468304347461
0.0630790708691074,0.5828279915941305,0.6879172215428213,0.7317955922648816,0.739059168259901,0.7882688899079751,0.7798274929855599,0.7000912361153464,0.7590512674189802,0.7309556979838321,0.7240545117612592
0.0938330726323348,0.5953705940094374,0.6728408169989832,0.7268337345572022,0.740553245268617,0.7795307860930326,0.7313451679667488,0.711232352879619,0.7406483231959384,0.687739902652533,0.7459131777173348
0.1054019849002631,0.6166992805337888,0.6507608407650782,0.716829598732239,0.7407686811013939,0.7960520017362052,0.7075282398617561,0.7432449457247294,0.7623918408857062,0.7244052120887259,0.737002423021895
0.0630919011470944,0.5371513319397201,0.6960125387552084,0.7337691681792209,0.7348219817818397,0.7766413586293358,0.7251175481173684,0.7455394796792885,0.759801386746427,0.6840063030510036,0.745336279027671
0.1128369480524419,0.5982685908764538,0.7103097479382556,0.7516714573140912,0.742210769957274,0.7812376913718404,0.7497130475636261,0.7408047452807447,0.7738582557097254,0.7048993002915303,0.7384031287789531
0.0656359323595731,0.591899791358904,0.6880617464040275,0.7591232631844533,0.7602855938963905,0.7651937695994551,0.7692431378822615,0.6846872267532036,0.7140364630619642,0.740301192744571,0.7280470734555021
0.1093894805550603,0.5988954097126793,0.708427356810851,0.7171343951672646,0.7687808989507334,0.7653921847659472,0.786668356835212,0.7202916500329297,0.761285170073593,0.753766799369028,0.749946683643455
0.1174886752610308,0.6351821821882448,0.7237222007473381,0.7425974299640508,0.7309698893836915,0.7779538216061975,0.7916687571209162,0.6839652784971872,0.7744456766895895,0.6500948183145598,0.7583264602517772
0.1544809555891374,0.6881983981200341,0.7511912052354487,0.7691492936180304,0.7415558778524418,0.7830450776289096,0.7429455287272098,0.7058501687947576,0.7591345118246918,0.6818308780723812,0.6837133075871368
0.0830767521460442,0.5973597673615663,0.7303816087945091,0.7748904816056215,0.7515406056735326,0.7254321815192061,0.7531915218980771,0.7112886776166252,0.765994359505574,0.7107759976496395,0.6967290611124874
0.0889012116909874,0.5845940837834367,0.7348735988229513,0.7503348035660257,0.7400978823623464,0.6943645452680917,0.7673289976960899,0.7295645183457069,0.7766187836406994,0.7225133567108645,0.6983935868257205
0.078968563346225,0.6324325660961954,0.6795906793655021,0.7443071741631594,0.7503052744922514,0.7563278617609164,0.7803388541879508,0.7108338786679481,0.76988489459563,0.7163667759078015,0.7053281309466817
0.0327923973015253,0.5960771890464586,0.6866147758037642,0.7034642968623055,0.7111478820419626,0.7803176409366253,0.7638167481200546,0.7161441995919635,0.7736853661383605,0.7175008234933862,0.6874742946739771
0.0631037638153745,0.6087286751762735,0.6476626622835155,0.737401428385134,0.7291946627030459,0.7830447872693753,0.7923783371019757,0.7182599419291463,0.7325277592011231,0.6988210071291504,0.6979929668662711
0.1043492314623127,0.6146312819754725,0.6819040665398105,0.7547098174350726,0.7556919470208555,0.7850882518029723,0.7935117361632311,0.740027188371541,0.7573860181896896,0.706198141371024,0.7275476555892834
0.1100812717726301,0.5369500886318321,0.6273306122369716,0.7768383428561152,0.7502794042577731,0.7784390810847858,0.790022719653302,0.6559545269129777,0.7378762864126666,0.6753843554335389,0.7486804166543926
0.1282702441275376,0.6153476777019051,0.6806826672871669,0.7573438535456032,0.7276913863612968,0.7733321353918557,0.726130391166463,0.6713473335777904,0.7222358555848584,0.6876992910709765,0.7497276970545342
0.1144251887527089,0.6372902927569826,0.7020258659205428,0.7685366065577888,0.7586933140814456,0.781922015340788,0.7499214004944701,0.7054377986255757,0.7432651569661111,0.7210532288126454,0.7500468616410041
0.1004035314229992,0.6500615535132408,0.6863254369089156,0.7720575309776985,0.7554655453456043,0.7905282949559322,0.7198398771539012,0.730140624961584,0.7604348845132358,0.737747114350165,0.7712887509829702
0.106741867769501,0.5930644427266202,0.6924742554637817,0.7611893219110925,0.7261127789776046,0.7485996801322361,0.7310683059775014,0.7211592980931292,0.7651520313759039,0.7141424847325676,0.7732369153880693
0.0939743777288971,0.5289547585112618,0.6465868937859034,0.7672740878708652,0.7436820053256172,0.7929002297184159,0.7465646912615311,0.755969359366989,0.7663145764861559,0.7161588335424205,0.702343711336353
0.0900291778742703,0.581774095271509,0.6923811020665869,0.7129702675942188,0.7458657670093561,0.7881516437369338,0.7696907372240606,0.7206460244157019,0.7671511004643856,0.7248025528374837,0.7283532425659404
0.1183182667100584,0.5996662189362116,0.6708167939670077,0.7083713562875367,0.7499703704205509,0.8268642573479231,0.7665836910912707,0.7224943656129323,0.7203569743125595,0.7134902887430327,0.744859684745599
0.1214292512084109,0.5995789594411602,0.691335636712934,0.7174588282631378,0.739497747690967,0.7572616503898942,0.7559892077535513,0.7346557937491411,0.7425744067148474,0.7028542035676865,0.7342472506334131
0.1291943662716794,0.562247040311584,0.6987021814021956,0.7222325415314932,0.737689580668656,0.7546265645004158,0.7827559678744729,0.7673407751277489,0.76652760697645,0.7124992872554718,0.7277292752370093
0.1294540987016132,0.645848647144684,0.7252919088583641,0.7561593586743366,0.7686082673676033,0.7701546941998263,0.7918607817568353,0.7145270377866412,0.7804342847106586,0.7289664441512269,0.7340436322298254
0.0937505301642087,0.5817699816845248,0.7363664697396711,0.7695437449694402,0.7576042896100167,0.7715578185801915,0.7665355472495723,0.7162971312007529,0.7673261713551502,0.7383206613735334,0.7562687372965067
0.1105378896850101,0.6005017517306186,0.710038654057876,0.7593033930066854,0.764576020726484,0.7275996791777487,0.7950668673955045,0.7195790619296357,0.7696291068712828,0.7543100584036304,0.761108851686004
0.1209490373698022,0.6506560462135045,0.7232512791019357,0.7622562469641025,0.7428084931507704,0.7635024939291428,0.7687657661399279,0.6869399929652987,0.7211757635670749,0.7335515843255603,0.7000758226562438
0.1100221465132325,0.580282217086589,0.6481026127182926,0.7325946315147339,0.7454815835598333,0.7818750828013565,0.7907785435124992,0.6890519886855291,0.7452436393311896,0.7212371615490258,0.7551108362095574
0.0605484535418208,0.5625694788000848,0.6373387572834961,0.682256151611751,0.7603318818265701,0.7550901087819871,0.7920441445400007,0.7115323402081262,0.7553530064157801,0.7258422782780313,0.762823249306485
0.0959107315928043,0.5503591260359985,0.6541007349616104,0.7231879005339706,0.6981608142297179,0.7577561452333955,0.7930673789879503,0.7168947970717091,0.73677226398666,0.7296732706798098,0.7411958889950537
0.0856219387284249,0.5588864568907994,0.6449926938423522,0.7070204435386134,0.7266765746567798,0.7735230317926716,0.7668228040055484,0.7067753278858152,0.7571393980713175,0.7008228834593561,0.7004528831265772
0.0884410274409306,0.6025553521469282,0.6738812618801151,0.7242186745225467,0.7559684772322959,0.7739080551168391,0.8011925815464053,0.7067983515773537,0.7729580235653661,0.7144502180692256,0.7372759493376291
0.0705755848045451,0.5415900811871855,0.6874744819143099,0.7282301739167591,0.7137721536328512,0.7424073983737987,0.8082407564934422,0.7185983642536902,0.7367833579991435,0.7417340731095011,0.7602684039886008
0.0895884552343492,0.5749957461184851,0.6737506498035638,0.7304391902056293,0.7409135661294429,0.7601841023182248,0.7942347019729329,0.7183800097876601,0.7571869649958756,0.7081859099368462,0.7597378337167356
0.0931513973216588,0.5826314641571336,0.6965700160182539,0.7354734910876454,0.7711622429910555,0.804455149056293,0.8083902660454827,0.7037542004351897,0.7674687684918922,0.7131418355340897,0.6922607883383465
0.0930213305468179,0.4987888358760065,0.675279110860753,0.7549319581260419,0.7538817273777393,0.7375897689481032,0.7871116925502538,0.7176039598416284,0.7507066798272054,0.6805756701432796,0.6749155719973526
0.0944894960351545,0.5116222823357907,0.6607811231560455,0.7646667617338456,0.7553748242324345,0.7742635706126217,0.7760490304309232,0.7025629914925031,0.7602091826477035,0.7066592881817483,0.7448228759050972
0.0544580346856453,0.5673623672440522,0.6949647269331237,0.7685095570538574,0.7482478952857102,0.7827632385154191,0.7521976891931588,0.6679131822796156,0.7131925889770145,0.7424169918995518,0.726478320634421
0.0710656599137211,0.6006743891930832,0.7284268784439413,0.768859786573636,0.722779668143641,0.7539345015556203,0.7871507544706835,0.6915903426189748,0.7323119429151417,0.7496281280580622,0.7442659988774639
0.0939677001619355,0.6003711770749084,0.7036548578422208,0.7540159962387025,0.7183741836735417,0.7688097602766997,0.789573957973661,0.6944636015093627,0.7524705062731647,0.7003421131541111,0.7675611746605908
0.1033069542186703,0.5298307211289283,0.7151487417742355,0.7305283493117715,0.7189162742114397,0.7361623393769821,0.7901905752144099,0.7065843890875655,0.7282105377155754,0.7268296778860975,0.721484908273472
0.1120478344487591,0.5529610831399439,0.7110563318874212,0.7394774792799361,0.6916594956306893,0.7822228240959185,0.7994760478817824,0.7115771328815625,0.7367769396687157,0.728774175259812,0.7067387174444996
0.0888646749741055,0.5813868589373086,0.6560360605414489,0.6904386380044429,0.7185405798525075,0.7395998370505776,0.7822011874250605,0.6597570694528425,0.7501276196129718,0.6965743706237865,0.6816146614710227
0.070121196762886,0.5210777585991899,0.6921538274529375,0.7268168449739136,0.7021823188236799,0.7597343599317676,0.7862106937607921,0.6938246479274963,0.7362606196178701,0.7368379709304166,0.7336662465977187
0.0769647789210232,0.5583429778644828,0.7041402591656831,0.7620333838685264,0.7057288125845176,0.759251202999002,0.7223153880810975,0.7227779898069728,0.760621464177627,0.6789512730033002,0.7512518633191876
0.1465838100775379,0.655141599515182,0.7279677952142578,0.7770843175087161,0.7063790364090162,0.7521588411470129,0.7524759170512276,0.6951329688572018,0.747176388291594,0.6981525771115016,0.7657216196580701
0.1733525739322424,0.6595973675856805,0.693220687829282,0.7045776623670457,0.7162165513975827,0.7932555266532753,0.7796538852995324,0.7247433908034597,0.7647013653137245,0.7186516195752162,0.740427571150202
0.1626778598400524,0.6796362960716421,0.7123271660399535,0.7375591206998136,0.7305737314481824,0.8258492977510781,0.7597421264907445,0.73597483386293,0.7229111439328526,0.6933382273039796,0.755226763347661
0.1358844930258915,0.6564582253181325,0.719330022426596,0.760071691001101,0.7492011728913481,0.7955279340750661,0.7619684527517958,0.7321945425131483,0.760717374015478,0.7176311279401852,0.7711335462419862
0.1119041357688486,0.6619157273655233,0.6874185190368702,0.7452172332928717,0.7374000720261371,0.8094730850564763,0.7292609124135656,0.695089449130484,0.7500464368044557,0.7237238850688611,0.722089121753677
0.122875156570989,0.5988597858283979,0.6933086256387238,0.7555232219765333,0.71264058274615,0.7709769233678486,0.7545826325946184,0.6960654861178358,0.7608769975529944,0.7362371279186017,0.7220736695728539
0.1156514100639355,0.5730497941552839,0.677941877117136,0.7271005183483373,0.7338602533586593,0.7827592373703087,0.7460260164284626,0.6934281714094659,0.766195659375138,0.7332365749348699,0.6950899502368344
0.1072416385564146,0.5961064721103626,0.7173275625808644,0.7583873341526832,0.7157478504669427,0.7454179398281711,0.6993553075174384,0.6590485979552217,0.7829135041037328,0.7164942587449817,0.7446847642169181
0.1088072937358097,0.6301822970765323,0.6906985221668063,0.7546801500319464,0.7336391880765689,0.7728677311144956,0.7126901457611853,0.6976194830680533,0.75486087834398,0.6825135031687112,0.77190848968796
0.0599864013808532,0.6231211368193931,0.6998634958987572,0.7025989236617067,0.7237083193065615,0.7654936898539139,0.7382665638760342,0.7037310589934271,0.7597406316249027,0.7037249470214236,0.6981291366687538
0.07935349061081,0.6091548633882367,0.7045801549023525,0.723834671531539,0.7329648644038553,0.7097199399636297,0.7642711943558972,0.6952898399573191,0.7539014426697842,0.7088079884100092,0.7260325130889478
0.0731703141976227,0.5938808155673603,0.6557959698613967,0.7402141446506121,0.677438811009515,0.7398859345279096,0.7777761843402666,0.7121709080648052,0.7708104187899996,0.712291486302264,0.7313047747536423
0.1007632322722476,0.5921762928221865,0.6750031349558092,0.7577145970064124,0.717505091790259,0.7767657358012716,0.8064023404071565,0.678628625446466,0.7723522886694487,0.6807026554122396,0.7240970247603791
0.1099779873551979,0.6572122517574026,0.6969775522254745,0.7454228633099528,0.7131629092909183,0.7881572999560562,0.7883612291827615,0.692366997234406,0.752153245554885,0.6928778186450593,0.7355942956467788
0.1200694451831182,0.5623103129778906,0.7055977472200448,0.7420862922268193,0.7245416071736714,0.7877464324738354,0.7625975483464509,0.706266813939936,0.7584061363754875,0.7234340103632013,0.7518851139318556
0.1433024640440805,0.5667842247999806,0.7162376463088649,0.7560094913874551,0.7140112601895394,0.7929002929988918,0.7961753042430635,0.7187674161628872,0.7652834501177295,0.707757216618563,0.7299882386177331
0.1157764417800009,0.5844905057256565,0.6977722294840973,0.7644857743640073,0.7241737910732047,0.7654099792779093,0.7773958353356127,0.7294532534657734,0.7826608001870183,0.7135726275046395,0.7305152286546948
0.0900330928961223,0.5049312384286714,0.7120235536448734,0.6852195077108918,0.716736912912096,0.7785732765165257,0.771989811283697,0.7394718448125794,0.7809848181860782,0.7018786435823154,0.7315108181021353
0.1049027455331755,0.5741347250921425,0.6721130338827191,0.715949393608285,0.7221027988569713,0.8035310380184265,0.7794331350096915,0.7249082539018173,0.7835332788995586,0.6976759192594871,0.7345102554481522
0.1093695852222604,0.6088142508718106,0.680290341080686,0.7386913274638293,0.7642809394177015,0.7888059687849494,0.7916575712498222,0.7449218348093739,0.787725401731008,0.7117803244109716,0.7053394087428448
0.116277234817795,0.6115337523854312,0.6940102409842204,0.7358881269198397,0.7658141239871289,0.7462702035260521,0.7878149806864393,0.726403486741877,0.7281969845055779,0.7104976065244019,0.7646409773964183
0.1223127127961528,0.6508332360704518,0.6789333908442589,0.7432555723422125,0.7570278543718332,0.7611789816929659,0.7940980393242965,0.7604613122151996,0.7473253467684953,0.6966112825822213,0.780226892603276
0.1102604936482503,0.6286274224154719,0.640170933519832,0.757960920936039,0.7301398429902246,0.7537612069390002,0.7795911196090669,0.7285959711466076,0.7324235919144523,0.699710320183994,0.7227624214693963
0.0937606481114615,0.6318775966284924,0.6682700246264106,0.7674216340667115,0.73454949729297,0.7756633348675839,0.7894234595812251,0.7337199199970156,0.7495600166417631,0.6584262304132927,0.744813393737063
0.1193639680020732,0.580479833786285,0.6905061549852785,0.766761450504908,0.7381789061701567,0.7884823431434468,0.7935614997366307,0.7358518470145337,0.7645098466128528,0.6747230617498624,0.7504484209554338
0.1234812721133095,0.5816470602663797,0.664449034056386,0.7455157476389079,0.7235167963874751,0.7953258612154933,0.8029414420750718,0.7101308339356197,0.7329405352361233,0.6842863501194637,0.7899795830162666
0.092915434214141,0.5718155071977986,0.6803624044622003,0.719077947983996,0.7429922278226473,0.7302561279042116,0.7799859437196338,0.7055023916990084,0.7527862095706253,0.6987033868944019,0.7486418721637624
0.0591441465767725,0.530090045574057,0.6932996471976762,0.7358560099402257,0.7128032451954314,0.7647165272701071,0.7987174807762569,0.7000899505794951,0.7393263495279333,0.7055658182701916,0.7316179008195585
0.1078907160117522,0.5547990818356809,0.684707318557967,0.7726948233789315,0.6969251858606073,0.7690784944161246,0.7704312970329459,0.7029759476556923,0.7634393815565998,0.731610742708177,0.7344969643945389
0.0786776220715053,0.5829805758631659,0.6908251962407015,0.7205428455517366,0.7173966799750406,0.7151359290703558,0.7794062846683705,0.7162633558193867,0.7619444583276214,0.6947896275187506,0.7428694721477849
0.0799770419602254,0.5760020640771625,0.6919137706171546,0.7532542766719568,0.7155328886835217,0.7508299158516973,0.7742154675586195,0.7282536898254592,0.7634437205938767,0.6913376333688599,0.7448593746685304
0.0770017415620825,0.5624446632445507,0.7002705474981066,0.75326049314473,0.7440033882587558,0.7889484440741725,0.7765395613420512,0.6868946305577041,0.7168953891394187,0.7176846431814596,0.7298292413314165
0.0923638490948544,0.6350428064241196,0.7138884225189,0.7057042878205708,0.7074334665139874,0.7768291890552531,0.7946666949519301,0.7083456408565205,0.7728411193453433,0.7224436713498439,0.7391587514352054
0.0858282463112396,0.6399998910347822,0.6409469193528875,0.7471140938948222,0.7330175786765241,0.7790159420016989,0.7528282799605881,0.6891563422060146,0.7706216856879724,0.7275093831271869,0.7622849239027145
0.0892557536699757,0.4655260106751987,0.6844625225400014,0.7530778258953863,0.7504420413747881,0.780307548879167,0.7436810880558787,0.7163967521162895,0.7352471599055325,0.7215443362672623,0.689132693395065
0.0873141078589158,0.5247284447235041,0.6941170117685954,0.7616749227413668,0.7529106024694148,0.7814504640251101,0.747407712704514,0.7300548904517237,0.7476434353566244,0.7315025233345641,0.73170240957444
0.0931342456774781,0.4166169634533321,0.6586956802700817,0.7491260558996509,0.7436324923388906,0.7760987870303735,0.7509242787960515,0.7198278622114924,0.7685049952124685,0.709311746974124,0.767305806120377
0.0491892729267441,0.5009460573681244,0.6904123543801305,0.756913218405859,0.6823728628077741,0.7872392726670856,0.783335003833887,0.7108588708040207,0.7555149471332814,0.6874012458304174,0.7681204976215725
0.080488295675494,0.4928184999159103,0.6978233966997074,0.77472544341236,0.7080034828532353,0.7767217793617526,0.7737057330902231,0.7068195032153297,0.7582172960590465,0.7081284170604327,0.7347721199275054
0.0734738571433338,0.5193750046439738,0.6531867206273634,0.7783699552143322,0.7133751661605073,0.7562111282083558,0.7812873180231478,0.7169566249805068,0.7747192700679228,0.73042525364493,0.7436207634883689
0.087122056592302,0.5795694303398126,0.6855811272939385,0.7537595893442259,0.7335967345413033,0.7701781091148985,0.7397033813826772,0.7372941673552984,0.707249133812746,0.7153244764205339,0.750568092857703
0.0786963014225618,0.533999619814675,0.6962027131016919,0.7510870067725373,0.73671082016492,0.7147172736558564,0.7564217781611292,0.7550292773741802,0.7460398261213448,0.7159942710066155,0.7585020684836453
0.0937016443986402,0.5516985243500405,0.6331583772094683,0.7590644485435449,0.7117743653131957,0.7463399166832309,0.7840303054965663,0.6881251711884068,0.7399101607634487,0.7161299934399947,0.7544085726494254
0.085526347016145,0.6070026107441417,0.6759837782240483,0.7702180483895256,0.7448905342945041,0.7749344334000814,0.7761868917260211,0.7014348654816571,0.7750020292779225,0.7256636827183487,0.7748938623129349
0.1011844667040254,0.5207857873242714,0.710564483589261,0.6832699679810967,0.748002391064345,0.7554744043617606,0.781620647441549,0.7041306907974374,0.7577416138776227,0.6847635601342303,0.705565780706285
0.0507883412037739,0.5890646511527229,0.6457502582575946,0.7184437276050286,0.7499495062886705,0.7997347648890336,0.7493713567956171,0.7163314539433114,0.7366477247097684,0.7071709753986328,0.7183954022645264
0.0904362272076283,0.5594999786531271,0.6567241853928427,0.7609574574117259,0.7389794945800532,0.7744625289927338,0.7737744031778213,0.7120623471938416,0.7551647784810838,0.7148232331141816,0.7390388091766571
0.1050473367310503,0.3597994517855646,0.6790731241989713,0.7653511283008376,0.7231580169563927,0.7798631830610256,0.7675395125151153,0.7276472600755024,0.746821894204196,0.7145982377684761,0.7212515258262935
0.075008512406115,0.5259436296139637,0.692586489522758,0.7644051099451465,0.7296694360764234,0.7714878830057535,0.8053301310583445,0.7468740305534994,0.7560565766703753,0.7197390125742924,0.7495753940851659
0.089327982833153,0.601186957280911,0.6809873817105176,0.7640103106354383,0.6970678956088273,0.7892299239218694,0.7911293257154651,0.6989623153824305,0.7609267331675741,0.7257733835417461,0.71865288064472
0.0797508289064395,0.5803068291410839,0.6947586776005801,0.7259908991307185,0.717376050552655,0.7934880824916248,0.7316027451348678,0.7095659669724524,0.7611285131512999,0.7266147162997247,0.7229379654914834
0.0991091872860703,0.4840679127897652,0.7023232215024844,0.7564844139440223,0.7321479253404697,0.8073167259387034,0.7518732409100626,0.7170501487915117,0.7664970095476671,0.6578287850766802,0.7442701364248818
0.1292396812679604,0.5246560708199326,0.737331836165825,0.757142213272249,0.7511807421484619,0.7498232434707581,0.7452208880990357,0.7024437396358278,0.7620154907415113,0.697543997480206,0.7340278700615025
0.1090007261287695,0.5370885746696148,0.7314581650018659,0.7146017958755214,0.7593987350750557,0.7768686131037814,0.7790727545395495,0.7240471598389101,0.7290489412167477,0.7383678465934305,0.7692293425262168
0.1133056165991414,0.5608023912331672,0.6681104434263653,0.7311012212496931,0.7406898084187096,0.7492569811050501,0.7811272528942449,0.7461968631909546,0.7502684893121632,0.7392834478363368,0.7460949804524363
0.1183970085832933,0.4493683499512306,0.6890376251899837,0.744073580005209,0.7084633342432684,0.7599468775357104,0.7210817078210107,0.7037842017528718,0.7527084268461237,0.6982068397906736,0.7112895835793454
0.1186864771878097,0.5421387193183594,0.6646239273501264,0.7294805996561907,0.7283777200658457,0.7739822264554046,0.7227644667341104,0.7214463149183441,0.7554210017640266,0.7037923698617926,0.7147356352189314
0.1125161099316903,0.4651426053301256,0.6710944050711594,0.7028585452905304,0.70709683645086,0.7591130832001923,0.7370268161128619,0.7162507363923869,0.7453412907175636,0.7125002279070468,0.7337395567545729
0.1041610349966117,0.5502129824300901,0.6923018498854028,0.7157457337588636,0.7363987812815445,0.7595007913039244,0.7616448520222703,0.731120362525988,0.723728772428293,0.6727014622219739,0.7331320600592667
0.1085174324631206,0.4937616455545624,0.7045574250308853,0.7230586123043017,0.7192571579412471,0.7735169309408355,0.7730999630293218,0.7389461128275183,0.7401719761667191,0.7050417667905569,0.7381067904129637
0.1149601097954317,0.5304984855484799,0.6762945178775449,0.7252255559942675,0.7025346129960437,0.7919206292674261,0.7533281180163768,0.731666304739577,0.7651221676998279,0.7074006608539077,0.7430146435410395
0.1075993932723393,0.583240086255924,0.7176237519348587,0.7213345756871102,0.7294702444511187,0.7887414996728553,0.7962471921933656,0.6965286573737446,0.731954395417818,0.73142353526887,0.732992956391807
0.0827076780167695,0.6037616617308896,0.6710239767828476,0.7439462913064747,0.754311039634586,0.7889390609390177,0.8172646094439096,0.689297234293212,0.7377556987337355,0.7139466004458672,0.7626603479251335
0.0943728211585257,0.5740490885178942,0.683340329850349,0.7588905334299322,0.7491296769775685,0.7669791914395045,0.7309732288373052,0.7050635612699114,0.7795321057064959,0.7416699760347106,0.7625304868856074
0.1010191866757594,0.6214820473891455,0.6922577716253302,0.7507126767608887,0.758350855174894,0.7567363532837512,0.7390054499766123,0.7056313574973789,0.733221985697753,0.7033000107295194,0.6883596510580601
0.0881534397436385,0.5993618501976051,0.6625377863151529,0.7791467641339251,0.7559992406653161,0.784381106407783,0.7512470701797529,0.7126027867310398,0.7612859828865827,0.7226329551318404,0.7115316496745652
0.091424350446346,0.5377620451333575,0.6841796133798119,0.7847144597318019,0.7587610403752854,0.7884242163281706,0.7626676092799488,0.6441160939574953,0.7795865132425583,0.718130290769507,0.7235626754650051
0.0948065387879603,0.5557969079753204,0.7040167428597729,0.699569482552933,0.7517657968513957,0.7715816351727087,0.7451850970508545,0.6937928415730488,0.7873449872262657,0.7471297157614607,0.7592365332891349
0.1068014628396262,0.4944111745115306,0.6493906651069277,0.736026808375627,0.7515927950849324,0.7482560337228744,0.7577644637301771,0.699027002139432,0.7440725089815031,0.732883502589614,0.7474538217243496
0.1173190957026541,0.5681554690805904,0.6878869826694683,0.6966575761200116,0.7686966992232067,0.7060009528136724,0.7241523468058659,0.7186949157728104,0.7565077997949223,0.7410909759540523,0.6782684052637026
0.1279163014413965,0.6064325623732462,0.7152417102874715,0.7565111753628233,0.7077832410298337,0.757365610196179,0.7465963015681725,0.6638237759793124,0.7547218107898894,0.717298748581404,0.7021191449964634
0.1140834124347156,0.5256269038537221,0.7213418959622653,0.7573961414448657,0.7359703968850624,0.7663556739484809,0.757994154500884,0.686165887012975,0.736486677147276,0.6637689797949635,0.7177118181098966
0.1079588283478968,0.553890125585814,0.7062243745792682,0.7642397395963532,0.7051033592502056,0.7728875727255091,0.7880230740550043,0.670847746651559,0.7410577405973073,0.6841662188074582,0.6715470225783119
0.1303224121707939,0.5681047002236539,0.6989186479972264,0.7214595475828327,0.734011604988736,0.7639057767860857,0.7921261762843942,0.7053960920730624,0.7653596602098665,0.6934767360108114,0.6931572618535831
0.1383488143000856,0.5845540998259576,0.6154780440594658,0.7352023505135579,0.6988866716478308,0.7875599285552164,0.760924741711461,0.7421927169393372,0.7534711300140476,0.7312429169467723,0.7144844109959093
0.1231650208980452,0.6041189223047587,0.6775200756603421,0.7532796867817813,0.7329953919631107,0.7397443018938819,0.7958816677960637,0.7398009024189681,0.7572037533763529,0.6977648442804048,0.716515175894249
0.1040871870564572,0.6091273030359198,0.6954810794522753,0.7570392730979154,0.7335245452635323,0.736638058888237,0.7694116964560377,0.7554838021594301,0.764355741237933,0.7112555249230545,0.7215588110092555
0.1108263337131828,0.5308144537883761,0.6409648640687918,0.7666624951252397,0.7377402520731464,0.6970887771079542,0.776618619630507,0.7498383614748455,0.7729482125292093,0.7169384053345643,0.6882870231246379
0.0870113299585934,0.5388523266814195,0.6647111949489627,0.700145659405896,0.7405549753228147,0.745696794176143,0.7734754647487433,0.7430832081293751,0.7489369004948725,0.6846034286197863,0.7287905904663499
0.0993948240576367,0.5492280890235863,0.6847719719909733,0.696736843011337,0.7511970428558923,0.7125881882097941,0.7884567979823653,0.7198334504514903,0.7608855966970487,0.714761562256447,0.7246898077211921
0.1098946903686638,0.5901102722327911,0.6693141691590208,0.7203912266061185,0.7471181003038314,0.7418516801004758,0.7553594002603178,0.7226786844881339,0.7733315192461059,0.7112266526485682,0.7698188321361115
0.1140166451109481,0.5735098043347975,0.6690442774608123,0.7435726094788819,0.7033222836745643,0.7672710386862702,0.7384304394589952,0.7334484767804159,0.7484516632441662,0.7229580726407483,0.7556923480966649
0.1155265599304865,0.6180499180433398,0.6468134624541795,0.722046915051277,0.7370478824741054,0.7408534812965979,0.7536182642163174,0.6981713820678341,0.7234587033622937,0.720852068650212,0.7758843715547687
0.0905670093498759,0.4991900750357044,0.6504388860135395,0.721751004795221,0.7628956454453826,0.7677718462878876,0.7793047413788239,0.7228473886794122,0.7086410505848995,0.7500913253525288,0.7484336638766835
0.0957281534332009,0.543911562843024,0.6774873775361466,0.7437984119694176,0.7493584102581183,0.7919690217580159,0.7476661720645492,0.6786946281288602,0.7386867078659063,0.7320466453453051,0.7193749946665937
0.1082116851753999,0.6211601003429508,0.7019015487527389,0.7552625122073908,0.7222743153680315,0.7465424102637217,0.7419804187128557,0.6981151583652521,0.6845286575373813,0.7450579793304963,0.7507510341054365
0.0873007823663376,0.5849008995654912,0.7225208046933493,0.7004758879972743,0.7272615365584736,0.7093158628083704,0.7117741967552511,0.6680111541612166,0.7306255881243269,0.7112569497186314,0.74190647955706
0.0967943001154195,0.5863061037757796,0.6618018701307136,0.7128633351152931,0.730401779542791,0.7306971353269804,0.7404247601051204,0.6952353464554684,0.7027465630641294,0.7507601631525049,0.7137889347146321
0.0501026765042981,0.6027123373169442,0.6673512009732301,0.7316907010012541,0.7367729217793503,0.7532941456215391,0.7463470779626071,0.6928236658314603,0.7382123633551803,0.7093126280093467,0.733654911308516
0.0729988509806361,0.5813479615348685,0.6826932718869493,0.7156232374776933,0.725076513745278,0.7561811191529615,0.7579304019743962,0.7237788861266425,0.7106317764475538,0.708299833462959,0.6791301465368028
0.0816030021528007,0.5693365754301551,0.6781170625755538,0.7485745868682037,0.7457560509971504,0.7831149497319697,0.7642260755713381,0.6869798914332846,0.7251274233490552,0.7299119740102585,0.6942660254661227
0.0591562815711241,0.5743136526858157,0.639704083077389,0.7275976987725818,0.7564621537454876,0.7828863955185741,0.7874771850582586,0.6970576291411006,0.7474686193489005,0.7209670839444501,0.7561904372577399
0.0693616054758408,0.4675245341291499,0.6549380873571273,0.7585816601308255,0.7694537418931882,0.8048881984349338,0.7303269025190174,0.7051810204078264,0.7524529261275237,0.7130432727044106,0.6628732624686632
0.0733546785150721,0.5570766173534791,0.6940796340770825,0.7611103255096798,0.6921838132474701,0.6904340773133681,0.7362874028878192,0.7200968218061227,0.7474871324391923,0.7356116947139504,0.7261907590781892
0.093753194618329,0.6109587794121405,0.6063181454803499,0.7131007939091543,0.7467596862854398,0.7390303925576258,0.7640120802258084,0.6809340381969098,0.7488668016124156,0.7329918243138266,0.7209336918759299
0.0989260940819319,0.5844564902590713,0.6369063605359718,0.732807840361748,0.7521229953914557,0.765593614155925,0.745896939409622,0.6837195527166317,0.7129927645623167,0.7212514854676184,0.7484788086201561
0.0769945600591321,0.5746184108952194,0.6697034387823306,0.7176017346065201,0.7372026614736573,0.7864303376338619,0.755336374234133,0.6851740392813602,0.7144251730925759,0.7511152157619072,0.781227532600378
0.0974683721267798,0.5816952654112569,0.6992635391267528,0.7253264067494443,0.745312500467169,0.8017036658060324,0.7481146638277469,0.7118562152996328,0.7295608228282078,0.7302560674419498,0.6933823207296883
0.0599392451237194,0.5879265141703023,0.706146633420681,0.750583709046167,0.700620846062618,0.7571104728514971,0.7488071235292909,0.6931831317881713,0.7403041103582952,0.7329784800742398,0.7228747709008663
0.0909624320680711,0.573867060660984,0.6457003490388256,0.7360466459524875,0.732576938093993,0.7745035005107366,0.7713813321439833,0.6909919355210264,0.7552774610737587,0.7432760574356398,0.7317247733576009
0.1181507648284913,0.5166597837355416,0.6701567161390989,0.742034044489024,0.753506641084837,0.7778588241568412,0.7468443224578136,0.714894207842894,0.7437606104758966,0.6910639778413745,0.746682174010735
0.125043475482195,0.5565880207711833,0.690877055040221,0.7581268668069533,0.7385278279625573,0.7525651175526552,0.7587226759263201,0.7059334008594315,0.7522704871421109,0.7151197962040532,0.7461385261149385
0.1420086867861111,0.5751394430519541,0.7059025924385376,0.7813676505508197,0.6763881386374309,0.757126085950341,0.769896594401337,0.7120533100658939,0.7584916586903241,0.7239904408252698,0.7557781939005761
0.1323398062926873,0.5784050019506586,0.688541888540498,0.7412028177457197,0.7057850091686668,0.7510318764825767,0.759420233811678,0.722876020969185,0.7300451764961927,0.7396481682898213,0.7600154381840698
0.1202232414960564,0.5498487858708035,0.6180886693155396,0.7592196581725277,0.7302972019686922,0.7858650532505018,0.7801982857454408,0.732322178097724,0.7528808934013353,0.7397734383429693,0.7312283093544047
0.1456372181111981,0.561465917592244,0.6520231210705056,0.7447700126758822,0.6925048119793518,0.7989176204892297,0.7388387402875081,0.7251538392555192,0.7261892583331755,0.7324732378757673,0.750175006985094
0.1110222753450371,0.6024892302014878,0.6699202250173321,0.7560744339430341,0.7037179015744304,0.8126124431784775,0.7380083850253604,0.7305942997494359,0.7459504969640582,0.7349547400214202,0.7810880563861891
0.130965912830223,0.5425919998001351,0.648961682550698,0.7400784961407003,0.7090074176578259,0.794002138842109,0.7524276806281853,0.7439591797201777,0.7199288279958758,0.7084018690391071,0.7181304467812915
0.1008562022111959,0.5634162357812067,0.6645500310663535,0.760557347588557,0.7195566535153712,0.7931082459867174,0.7657199716145373,0.684526629800293,0.7460268659265388,0.6906557236277665,0.7386624750174222
0.0807693441935757,0.5591449217472904,0.6851221510551666,0.7685759083166115,0.7395953459063702,0.777469342054555,0.7481365240519946,0.7124072152779379,0.7549012305347171,0.711253400271965,0.7532667104986603
0.1175739408728183,0.5677625207926953,0.6914799979044876,0.7066897505784,0.7262719082356419,0.7735345679893465,0.7750005897013466,0.6869060135878147,0.7695372671015612,0.7227048576463113,0.7547550132940366
0.1181902633604238,0.6040132464638807,0.6946201691541688,0.7089448626898625,0.7479890856218228,0.75461872951902,0.7730129738699624,0.710144890531301,0.7273614554407823,0.7062143264429015,0.7621684354702003
0.1033989673975325,0.5711133883376344,0.6752393773427751,0.7160323903494599,0.7615974839477517,0.7589750747821671,0.7793672780256687,0.7313857859864219,0.7462266470104743,0.719431621546113,0.7287103368450562
0.1109105831510645,0.5323485185438604,0.7032068809277049,0.7511687952883943,0.7592048394039879,0.7785232543297631,0.7761639380123064,0.7036816273560854,0.7042043278593448,0.6923505803427906,0.7519507159147742
0.1233079620719631,0.5750584587488192,0.6737730382023183,0.7263580500059,0.7534778757825985,0.7436071161787263,0.798374124665741,0.7343305365178752,0.7114475197750132,0.6653418900034144,0.7500480000619543
0.0923012015241297,0.4918920543856964,0.6698587519328382,0.7209262462225784,0.763948626141069,0.7796617259348193,0.7873703326122722,0.7002883829967487,0.731175769743182,0.7052630582451719,0.7067275171144709
0.0980250446463329,0.4743055927824778,0.6874719167999255,0.7273214873560643,0.7087157149653217,0.7616996750623752,0.783463476313747,0.7243721109129913,0.74927655306412,0.6743660503208174,0.7242301549261208
0.0991854195186965,0.5326918206897041,0.6671811694885026,0.7592185770527133,0.7212086785813079,0.7800966731295417,0.7355122145574057,0.7189506058594182,0.7623761038023676,0.6981856363921166,0.7330704955852332
0.0736608458390526,0.575799846231247,0.6965041604929401,0.7641317024740143,0.7016362636214767,0.7782916995371095,0.7500880118087774,0.7248374326978705,0.7449081862056184,0.70516531474563,0.7374644647488765
0.0928907202182167,0.523384102991332,0.6991691831293777,0.7373240941756731,0.7192355159988646,0.7987441332692811,0.786764315752652,0.7479973597197825,0.7468904575270878,0.7025092077608337,0.743856554296898
0.1047345630742685,0.5258731974979529,0.6466644055603169,0.6793333715869498,0.724962036587729,0.8084920914585388,0.8011056485633662,0.7044422695106628,0.759634204576866,0.7016719223444899,0.7569116971713257
0.1265143251080253,0.5709508344045962,0.6659889817721315,0.690015574934556,0.7571787278691708,0.7510263278439365,0.7846934801861278,0.7178962224182593,0.7512876464206244,0.713558925094099,0.7581703771899476
0.1117335010671536,0.5668360569501263,0.6942344944620484,0.7004180379070297,0.7596434083829553,0.7531963260115027,0.7868365384592622,0.7321093117838433,0.7650123169244503,0.7166530126989825,0.7491984279082972
0.114770143289751,0.5825316295904157,0.6973279909237287,0.6620586441825822,0.6960658233755735,0.7881042295484316,0.7927714429645623,0.7135489281714074,0.7819617619012856,0.7217134212968294,0.7515851762582059
0.0893312212851491,0.6040298706551236,0.7104044303753758,0.7279908630860097,0.7278316345707551,0.7978550360644991,0.7912376740491366,0.7255159483610831,0.7706345247584943,0.7361671890870449,0.7613301960413545
0.1088727518824002,0.5705018637456533,0.7171274016311917,0.7566691658629038,0.7475798789024405,0.7552841471017971,0.8036659880891222,0.7364417370288568,0.7884916041535348,0.6965813603290397,0.7321725676453223
0.1195668083757749,0.5802420917878786,0.6772023440465224,0.7615700590902306,0.7347921759678844,0.7316440502231658,0.7796472265273121,0.7383221732464185,0.751041217248228,0.7245684291069867,0.7630864731474728
0.1350468228449343,0.5517840348700799,0.6846437406897026,0.7815002360213837,0.7429584657731703,0.7339978192021057,0.7431840701576118,0.7051908923489686,0.7505320334971685,0.7243236471056294,0.7590706299314635
0.1367606963480799,0.6073515788651671,0.6879385191376746,0.747349940624339,0.7319180191325017,0.7615042169312669,0.7668155442177729,0.7264946931459142,0.7538775939249622,0.7329235817252626,0.7606371554429154
0.1473845062820267,0.6438954969552758,0.7007447121708241,0.7688692814390727,0.7224516974657431,0.7894142302752976,0.7286730687635009,0.701969746313363,0.7601239960609504,0.7371092297314409,0.7273772608883983
0.1104498243086321,0.5350588426951548,0.6867359942668582,0.7690582085034365,0.7067578312354337,0.7704701992094781,0.7392983415322785,0.726682770058196,0.7615726921152532,0.7212054611671898,0.7347547364563262
0.1098596452225672,0.542365526081608,0.6923147490428206,0.7715211619609808,0.7300676796364,0.8000215517467165,0.7700514434629014,0.7263295231595536,0.7548712813584548,0.7003109216843144,0.7272591907193441
0.1267818788824736,0.58730224655687,0.6952789272700794,0.7507435942615098,0.7433696522598856,0.7866107185332518,0.7233110296904209,0.7381648148271374,0.7247987562401761,0.7034346005482247,0.7456567298157704
0.1329927258863083,0.5655513616882951,0.660546969360144,0.7723390475494492,0.7391019785502536,0.7747196268560596,0.7417674490918513,0.7730915829743061,0.7559727516582997,0.7287712765312194,0.7277011656680439
0.1240973443355323,0.5649456662164678,0.6832334286645552,0.7518680765297941,0.7512974344340653,0.7937114749622476,0.7844680771171355,0.701946117290212,0.7614906695484523,0.728918488719753,0.738304557392073
0.1266164647563954,0.5179607006007422,0.7125279964322677,0.7348941265792617,0.7095549294980215,0.8028436013945005,0.73340155321575,0.7173249060365725,0.7717740868177918,0.7007232417805774,0.7497610378162043
0.1043543093011329,0.5308012282141092,0.7148932664575971,0.7682169566777637,0.7169498211090167,0.7603953349522992,0.7615864452407318,0.7601858863828337,0.7430215180019799,0.7207789848599386,0.7488567591099846
0.1123996456888924,0.4828707365514296,0.6778245043239908,0.7531322400816503,0.7463686782215369,0.744363170584207,0.741206638390444,0.7376833160092482,0.7531932139501804,0.7217717267536352,0.7338624143115715
0.1207423967987258,0.4780951897648557,0.659323376087771,0.7176963949454732,0.6904670927056835,0.7735837831546757,0.745205575612846,0.7165932161327595,0.7055176669681633,0.6341113400793984,0.7562967369470663
0.1094010757805294,0.5321677814220972,0.674368495109942,0.7534525507536509,0.734875655852015,0.7204828030253929,0.7667225256406569,0.7253529427554752,0.7329350120072032,0.661426946589972,0.7380891825535396
0.1337261607223169,0.5409190536066071,0.6899170251175721,0.7186111898867509,0.7502858363626784,0.7861827266548032,0.7509615986930671,0.7498039638050331,0.6888896631962684,0.6841258193510591,0.6989106309385388
0.1436840726218875,0.5399306509811095,0.7069482116326831,0.7553078409850534,0.7121520323889939,0.7666682390503196,0.7909456562786761,0.728542622860459,0.7138729353225917,0.7036039771236133,0.7178162544731396
0.0885104284489782,0.568733062151489,0.7010774867700853,0.7386503134344247,0.70898540702922,0.7982445162928652,0.735333672890963,0.6916624630295548,0.712837689466706,0.6942347531520645,0.7232112192036357
0.1084953709984863,0.5493741185205666,0.6749070449755581,0.7586755292729557,0.6993242047524835,0.82082460281705,0.740176333559977,0.7089649758654353,0.7201258061993959,0.7224952651466074,0.7391901965087584
0.1211164987546473,0.6006008254896571,0.6830997331837307,0.7632064630699285,0.7302153139994698,0.7397609032620005,0.7759947659713626,0.7430071345358729,0.737775087121368,0.6978736655457759,0.7219817420143866
0.1241089728932153,0.6075686100465005,0.6963847209217424,0.7588913620774543,0.7599664121118623,0.7577398835630165,0.7646932756203206,0.7504316001999154,0.7217735770126888,0.7005091188167409,0.7109619697673702
0.1078957544037845,0.5036387351629814,0.668828123144963,0.7605647466245697,0.6793397556331159,0.7577398163259734,0.7815858386877372,0.7513623534687087,0.7298915848875971,0.7305400294279365,0.7445456750468571
0.1190206894171036,0.558826274551173,0.6836879184527085,0.7379694536008196,0.7131887260887977,0.7675716442825702,0.7699968809150116,0.7608814618940523,0.7437441680459055,0.7068828711220506,0.7111899224438363
0.1366175618236029,0.6124947567118512,0.6979424506810881,0.7489901270005694,0.7354374982362953,0.7782919848917225,0.7386241574735858,0.7045047755453786,0.7733993440414639,0.7217618670080219,0.7195254406506719
0.1222539182544579,0.5554705516899647,0.6699395770769087,0.7508996038200162,0.7491033109650075,0.7397052542918214,0.7563749515809595,0.7175951386795796,0.7131112192065855,0.7367126987837707,0.7303847787395326
0.1285288785524579,0.615132303215985,0.6870837962613673,0.7682432781786601,0.7270367543146781,0.7366953350371982,0.7905560106464143,0.7340769396387549,0.7388728522090218,0.7202782379123509,0.6918495138797781
0.1427598471334087,0.6545587542457115,0.6949974415927398,0.7769246450032647,0.7120905320300458,0.7799230112810805,0.7933173659411645,0.7161502558859781,0.7377067482804082,0.7346751599092063,0.6982938879193338
0.1453018557655503,0.6675529711865906,0.6704038153629929,0.7288809897578981,0.696153377996675,0.7578569752683234,0.756787712925035,0.7195147056350881,0.7427476503838368,0.7060583357239442,0.7252772387798179
0.0610402226943683,0.5772578035959504,0.6960897042520854,0.7217274161349135,0.7153115277842905,0.7683826676480239,0.7594526873109726,0.7181530504436621,0.7508347774980262,0.7200707559757802,0.7353002082023667
0.0832301114669015,0.6075741296033303,0.7091218788830127,0.739142890187541,0.7230602280779979,0.7907016872840921,0.7287852760619732,0.7332919795710445,0.7462647557410511,0.6804897793318736,0.6842744703201229
0.1096119055418851,0.6174658315474968,0.6980602871461717,0.7398320988793854,0.7529285441764546,0.7576831089451904,0.7130436193886079,0.7629237659025467,0.759395095211542,0.6969948237840631,0.6590462462719475
0.1183088974599676,0.5757596914784103,0.7046647734935063,0.7465468628887674,0.7319873264301927,0.7809993142671148,0.714224022714197,0.7313760555010466,0.7614536301513459,0.721373353499431,0.6985038074764995
0.1399656185936703,0.6095741718697358,0.7086429652068793,0.7556147997625529,0.68871512725771,0.7554960256484214,0.7460510323933804,0.746662757691683,0.71838504522534,0.7061505335820962,0.7171217795715649
0.0857027768965459,0.5143374165449794,0.6803171101600074,0.7976102651582353,0.7374220353312311,0.7556586182857138,0.7690279676501061,0.6884410452537876,0.7533955820596481,0.7102548103034005,0.7407624958375718
0.0907320236078041,0.5476676467015981,0.6751492148862723,0.7385357688953466,0.7581641123084755,0.7645860236625489,0.7763776329783139,0.7055926648110351,0.7651105226008397,0.6802115763905996,0.7521504888845525
0.1129879848597208,0.5728229490984159,0.686844606063608,0.7459976116756377,0.7166696125662694,0.7985299614673407,0.7744461864267015,0.6136309949693567,0.7340569049081659,0.7001576818823496,0.6899645909691715
0.1020987769448348,0.5380576040250858,0.6681629581639406,0.7399867015916782,0.7265475430674659,0.779082458134487,0.7838508724106112,0.670499712724883,0.7608723464426941,0.7069608969918662,0.7054571175074886
0.0824624997883662,0.5577789996503156,0.6899195964787246,0.7552576507321502,0.7124629911286278,0.7370489261383185,0.7663665520148133,0.7039781780878795,0.7427037827775185,0.7218109964054948,0.709122430523234
0.0959441928817852,0.5099278270276373,0.6855708245057842,0.7068954182480098,0.7156783532689555,0.7380375599607311,0.7506754870260526,0.6816230238793568,0.7290095559374795,0.7285953191364238,0.7123076182360863
0.0774174580386077,0.5721155480101858,0.6430906624473564,0.7041986039056407,0.7126444983793785,0.7288060430328254,0.7659472709205153,0.7038924749083385,0.7332623462651613,0.7280580650318372,0.7020941501757387
0.0925659689120637,0.6084295834348235,0.6782010853630638,0.7420135651766093,0.702147800748312,0.7567127519227812,0.7670445647643945,0.7149371035685862,0.7429935780594775,0.692953657939714,0.7122477033552155
0.1058243849282786,0.6326526529002489,0.6846375498540669,0.7530609205390403,0.7347816737587761,0.7605261234481551,0.7258407043803827,0.7248194186432326,0.7639143688888201,0.7017525499332469,0.7297472711235167
0.0575131940964657,0.6407790881962927,0.6634390927662207,0.7473430064994329,0.725080963952372,0.8045916771353133,0.7561410436549998,0.7301812522432862,0.7090363230371909,0.7056545560282212,0.7290387022538369
0.1092492214043845,0.6432328464129137,0.6640777671492404,0.7602253072393301,0.6911293573046656,0.7761352330156841,0.7863431789185953,0.7061134885915537,0.7249556354229727,0.6796385426642392,0.7382410543199125
0.1275832206658075,0.5706709232063589,0.6984149095478385,0.7125808144812696,0.72104168097324,0.7631813364466391,0.7659686632196272,0.7182044125964787,0.7358425890267358,0.675121876922375,0.7097418540913417
0.07018193283374,0.6083275025655195,0.7077846412836427,0.6945625056703199,0.7254243722499014,0.7784284541678124,0.7336673714803162,0.6597648522627568,0.7609683617330003,0.6976079545541094,0.7376632971161439
0.0790761374860964,0.643001581746302,0.6642301263531617,0.7053146441351139,0.7371315348345375,0.7868557622284571,0.7556751509309252,0.6955319345092488,0.734646565339207,0.7311496776131701,0.7111745553224942
0.0994726723001037,0.6114254480866294,0.6757827577623882,0.7429354803746607,0.7054636337002537,0.745641294254549,0.7579436167507716,0.7020969263035773,0.7305043381885841,0.7035120233805799,0.7272444440775425
0.1190698225829238,0.5459330595172291,0.7053955401812402,0.7423202804618749,0.7179129192859026,0.7661896105999837,0.7640008743032891,0.6953587545637734,0.7335408222807354,0.7195780333239998,0.7422422286189905
0.0955777834271508,0.5640216890164269,0.7240017600555813,0.7443225039222465,0.7336200916524527,0.7877428352538588,0.7760389570129147,0.6969309849499743,0.7500480431292391,0.6702299167224122,0.7506588207953625
0.1142661691091414,0.5714011286344813,0.7001827386661547,0.774206108967975,0.744752695964978,0.7676806483455842,0.7810955694745408,0.6849607363531542,0.779060761393864,0.6974809068960555,0.757417523094898
0.1251838146448996,0.5327236876939954,0.6524160152540013,0.685983938329078,0.7256251483514059,0.7461689990870778,0.7828091721030862,0.6886773304939064,0.7839618280600958,0.697965795572683,0.7562305329398518
0.0675715873390266,0.6114302626183902,0.6704429922838222,0.7021987630375277,0.7296266847750867,0.7630101890050056,0.750244465711514,0.7046557803387795,0.7586209066963703,0.7031994762350268,0.7313151996074981
0.1044876610707409,0.5837105295133033,0.6989342241656431,0.7317464444533155,0.7388805168638211,0.8021681624614331,0.732191486722023,0.7165921978640284,0.7598128012598571,0.6880983988990399,0.7533482338258186
0.1289183004764298,0.5931636407031464,0.6426527092187982,0.7365405799775475,0.7471340356519225,0.789514326738165,0.763709412305879,0.7047605819557842,0.753386285044977,0.7122946674919175,0.7191962718896385
0.1298434101149249,0.5369449886181061,0.6730830805137265,0.710265702067049,0.7634711232917566,0.8035801916913299,0.7704051451008821,0.7086090585890287,0.7377087460480927,0.7244554651601248,0.7286381181543105
0.1051986956920357,0.5722406841599617,0.6779562755383166,0.7247355363494643,0.746535964531736,0.7836364666980782,0.7700033063331128,0.7292226457327484,0.7601192147910556,0.7365872034636167,0.6909165254965794
0.1091153037388231,0.5887267456412029,0.6798863297229961,0.7449445038037621,0.7531387846003168,0.7911760629046318,0.7321043945917374,0.7319614981770004,0.7787825807918787,0.7308769810265153,0.7183944883375757
0.0977209451529776,0.5665409688279102,0.6997626816164839,0.7566287029896432,0.7226495249747236,0.7750987456106914,0.7680806651008977,0.6910890528895957,0.7439498433373738,0.6698080800756445,0.7409753963239407
0.1058938458540648,0.6525040627764385,0.7018676056922359,0.7764118755094563,0.7417868482090813,0.7577533249625883,0.7387500941278634,0.6964191738483543,0.7270591612854044,0.6866602581391491,0.7444747856660444
0.1089080449380341,0.5759336505542396,0.6812328206563779,0.6751767699047244,0.7347292721300088,0.7804007397392585,0.7728047120482477,0.658501220568855,0.7621648258375144,0.7119678025791758,0.7086218356246583
0.11248527366839,0.6086670428162784,0.6685028091381293,0.7091543033576636,0.6584289996664343,0.7887338078214705,0.7215859915231582,0.6532463040041103,0.7632082679055618,0.7177718935882206,0.7151159075332192
0.1218547302683305,0.6054048359299371,0.6676448170426434,0.7502103456637335,0.7163538072520621,0.7447478770200998,0.7473012513146017,0.6748923769994212,0.7698029017242194,0.7177335903911765,0.7305710636419915
0.0828275790722316,0.606965092574827,0.7032804593051204,0.7522300119287078,0.7234901780636245,0.7751263125299925,0.7601110735539294,0.7106751242823894,0.7845793716209001,0.7053725294385257,0.7417534972560108
0.0966289381529636,0.5382379262492019,0.7064277262367762,0.7621539428204276,0.7576485479066746,0.76227079004916,0.7910817142148663,0.7094341413439977,0.8217280531038729,0.7311656442062795,0.7254847592673713
0.1272086577891408,0.5962269747696936,0.7032761386733072,0.7238171609137167,0.764715704663331,0.7722625932368394,0.7575706857840215,0.7006538671472772,0.7489084094677899,0.696819784619759,0.7209160141127477
0.0959224771331215,0.6270884543547206,0.7105498614675956,0.7315950025798104,0.772701400207159,0.7615883696885811,0.7404790429139061,0.721818041847544,0.7579524075350104,0.7148328916421458,0.7130703302937841
0.0941698477939498,0.5864646077422454,0.716990573262251,0.745879394105102,0.7676130300656715,0.7202572809000667,0.7464550774243004,0.6862302323910227,0.7555238155211528,0.6880564694632757,0.7364128207181134
0.0676335532238766,0.6151110022584292,0.681438431152529,0.7361817800530219,0.7823334064365841,0.7495195114661419,0.7607988175133138,0.6878281464717474,0.769687886049645,0.7108458413288443,0.6880416398854968
0.0686230230371671,0.554452438054151,0.6812543489387949,0.7617478862254115,0.7431388858217793,0.7704564127836306,0.739884724076642,0.7008280150516917,0.772104484410867,0.7243704274817386,0.6949440881077729
0.1131728446871919,0.5730289423672578,0.6899803230729585,0.749736302896834,0.7548944655256354,0.7787918990641852,0.7437518375598815,0.7108019947885154,0.7280403092779629,0.7326543030317687,0.7130638727969236
0.0992537438371086,0.583804974599496,0.6900045519396181,0.7140068689996243,0.7304468459369918,0.715428843693043,0.7528861454239135,0.7227582304312512,0.7309213721850858,0.734223952355951,0.6956001851370269
0.088250311944418,0.5336629603281999,0.6992836867430797,0.7404973909639607,0.7479185048913974,0.7521805183619206,0.7693926095835902,0.6892384505548291,0.7472079988846877,0.718904931827921,0.7025453167908791
0.0968064504656416,0.5336723189210659,0.6952449956823268,0.7080878975460414,0.7428890245311878,0.7278091358312487,0.7671526598791326,0.6960273430508808,0.7417189710746223,0.7098719466595401,0.7343439252436528
0.1011319121245622,0.5839095005298146,0.6734879564928249,0.7191335911585612,0.7385191349627803,0.7439106378429697,0.7770563800104232,0.7227642596846962,0.7438993086627977,0.6291724936992443,0.7184501208112005
0.1063269867878895,0.5908562109390004,0.6874788549837967,0.7305911928618964,0.7267922534364365,0.7585637333483037,0.7231513054915584,0.7467630371640213,0.7469212591259093,0.694043990867574,0.7517861658956297
0.1218560615434274,0.5960114671087327,0.6848615079383822,0.7239913873329106,0.6946385665599227,0.748251559930152,0.755639741284627,0.6910787574055295,0.7528555624970816,0.7011482518800558,0.7182536736042333
0.1308311917311024,0.5986737953855571,0.705479854206887,0.7300011560468961,0.7207053212412817,0.7586400358828299,0.7598428850950001,0.7422821857853146,0.768487659982726,0.7064351397951577,0.7329270323186774
0.1155399328293209,0.5954016146406486,0.7065353577214071,0.7624083080492235,0.7400497871458018,0.7803632386750354,0.769169636405419,0.6963757653609218,0.7230913538339917,0.7333004015074731,0.7542591047684911
0.1005494935496954,0.5549831592093328,0.6610655592824176,0.7538068054154449,0.7112459029177315,0.7680910557202463,0.7886177948221738,0.7070560564566148,0.7377419262421709,0.6987663360330901,0.6998444187584173
0.1109187957962992,0.6091787049356905,0.6665537791578793,0.7537762801446345,0.7288056083086871,0.7761923910382005,0.7439057530870712,0.6966274029184333,0.7518028640566052,0.7038946899849317,0.726435163301122
0.1070402392809477,0.6261250109762471,0.6785039611715143,0.7664130799233093,0.7384588137080415,0.7962396603458795,0.7690633155822306,0.6889475842294074,0.7196882343114701,0.7201119557115523,0.7207981395924311
0.120817746944367,0.6339840177417763,0.6915268932684061,0.7839187435107965,0.7463943111448039,0.7797449141689837,0.7398805686138853,0.7121294361242627,0.7305809509875423,0.7200184468280694,0.7140547466442734
0.1102042857885318,0.4824782856151848,0.7086577787690087,0.7727865420845753,0.6932110656708524,0.7604038823199104,0.7501716260401801,0.7003093694841418,0.7340959422938103,0.6969602154257704,0.7281595805378083
0.1151179399051599,0.5646895233045668,0.7025922087744776,0.7261693049099818,0.7305216011941884,0.7673519431160771,0.7656341678448615,0.7204431055271636,0.7392539889457599,0.7100892685953899,0.7209713176905507
0.1033955852995834,0.5750954204261449,0.7262363832885909,0.7278951183677256,0.738520112114737,0.774669790747966,0.7790043881340394,0.6959797285707332,0.7433888496970266,0.7300099581945156,0.759469584993961
0.0761852922879493,0.5701853620418184,0.6871919253532047,0.7329114973375104,0.7511142503882786,0.6973398695368257,0.7940848498666824,0.7121335986048634,0.7474638540821597,0.6873917514037506,0.7400554771436366
0.0897405813336414,0.5891095236928526,0.6793727478180915,0.7386121451893466,0.7638336028280066,0.732813189408414,0.7739313055818231,0.7296379483072986,0.7272118269916581,0.7159684691329524,0.7466497644063479
0.1071802531726022,0.6041373767141417,0.6715081877545953,0.7563014427292294,0.7629028754247452,0.7347195811251017,0.7933565993154238,0.6874905792075371,0.7455939797147305,0.7177564272108172,0.7449540735488506
0.0647132170060472,0.5358460766567551,0.6578362027487163,0.7536382244808523,0.7828459553455656,0.7554098528378717,0.7690272283065842,0.6957732187243577,0.7482588523959652,0.7324923366803733,0.6778416419741986
0.1023002299527977,0.5848153606594304,0.6848671423055879,0.7315768024105429,0.7114485686116335,0.7681060045167831,0.7840809853335127,0.6976580214967454,0.7768554138181347,0.7343008976028347,0.6936158966018602
0.1188750145323192,0.5731488175821119,0.7017564390095292,0.7460311749675237,0.7355292320819824,0.7909938982871665,0.7951327371041476,0.6725440222710057,0.7485612554650416,0.7049425865222905,0.7246809276911501
0.0902237052621417,0.589894639488602,0.6859580134242964,0.7600024072299163,0.7389303813339624,0.7660416388006415,0.8002829274990428,0.7053664897862417,0.7610549769632453,0.7268426105396711,0.7027877483442041
0.1162820519106307,0.4925785594090043,0.6966166981557873,0.7527823494515771,0.7376076080726524,0.7979621009165628,0.7325398132618027,0.7037485894658028,0.7617497096046639,0.7391829138493509,0.7417814361131791
0.1118570556398802,0.5395924697135642,0.7022070620872869,0.7604496596681116,0.7160719263319815,0.7106986348605434,0.7390095993219381,0.7088005086470801,0.7773920755152892,0.7085766091901854,0.7186529481273469
0.0982084608842524,0.5456873396096193,0.6253362999363644,0.6876140600415286,0.7183347408507337,0.7317168915901627,0.7589699292613663,0.706291347409605,0.7744725513626526,0.7151795553679281,0.6952106308654136
0.1258881546416494,0.4960548091853364,0.6045418508018006,0.6330256903075138,0.7149517214727603,0.7380221791562984,0.7099093239542565,0.7124914580131003,0.7390778600458094,0.6448906419919858,0.6737240529294655
0.1610133862145556,0.5908388095596173,0.5860877090126128,0.5273848518443267,0.662647850685254,0.7035819116152957,0.7500788327768106,0.7233096131357648,0.7431324731353595,0.677241650365775,0.7237843386423362
0.1636169715720905,0.5537651215804368,0.550450042657116,0.4984703251561895,0.6337148713523421,0.7346726606189959,0.736846181894047,0.7196309765480771,0.6849800895511667,0.661826950417078,0.7101007701684657
0.165971464500536,0.5529590660470022,0.4572990157386104,0.4430536055127543,0.5972957398281542,0.68752536172713,0.6655938855356156,0.7027656777192804,0.6877694876755143,0.6732424641642286,0.7405479436206137
0.1637121400069402,0.5645731922219475,0.44525463994214,0.4620567110714513,0.6029724523682276,0.5932035864031631,0.6866838367055066,0.6984459073228546,0.6954665508159861,0.680628804928461,0.7621399336497953
0.1426035474906445,0.6066172679384152,0.4999745390677027,0.5593941568164655,0.6242359615192135,0.6731549838756935,0.6423186816643501,0.706102947711948,0.6375828688036091,0.6879589879370976,0.655442644078307
0.1459640458348323,0.5588570645006772,0.5191664949614196,0.6250585087073992,0.6350819713770219,0.6573243965454321,0.6365939553023554,0.7078889514825653,0.6603809356157172,0.6696346969516225,0.6923429169273534
0.1580415044306317,0.5242131901037693,0.5487842785797887,0.6360827897574066,0.6548354738385997,0.723607565602695,0.6656578720738127,0.7139242915281581,0.6343628925465108,0.6701736028729604,0.7059632372339446
0.1206111591144382,0.5467264831103247,0.521827437119472,0.6255576505739697,0.6198321792540861,0.6535474398322365,0.6767328761122203,0.7306976963734825,0.6538773470202288,0.6060790282775779,0.7091671226660887
0.1268847102171865,0.5596272342756984,0.5145116764249009,0.6364909402661403,0.6214314239579959,0.6626258771284776,0.6888352192775362,0.6900177426458014,0.6852420037737343,0.5766347972369703,0.7345395187494966
0.1288926047058109,0.5475332748171229,0.53468747494211,0.4946906120893194,0.6738995120050417,0.6882585694744559,0.704291173579721,0.6984536943708477,0.7022142115723005,0.6276197737618695,0.7372115084242239
0.1443321739369787,0.5527700263888884,0.5400669076494788,0.5226469835093495,0.6740836912711745,0.7319519871751378,0.7388505350416276,0.7273889340400514,0.6958314508400705,0.6637575878175885,0.7337430007496127
0.1663570964102358,0.5546166258768086,0.4958232788310136,0.5772129784084206,0.6613556069939881,0.7427927596777548,0.7339968609935597,0.5987918927150624,0.695453670339159,0.6539457830250184,0.6550720800386857
0.1506659532333544,0.5562853826393385,0.5210287160470013,0.626994677705659,0.6763821213829373,0.6468262663817385,0.740382617784415,0.6043913576749346,0.6682410424594858,0.6723486237719092,0.6940556492795336
0.119334810433797,0.5547857254814045,0.5321413305597607,0.6577977163601909,0.6587246229740233,0.6982466857409539,0.7325883671461626,0.6071864507121845,0.6824323521571485,0.6545401530734759,0.7008761325533558
0.0880503401123677,0.544363421550044,0.5773051992762137,0.6516574811164332,0.6789288473759262,0.7095481658349435,0.7220565684613622,0.6057157432087145,0.6732822362958347,0.6770065485844479,0.6626834080165378
0.1169686893209878,0.4974908983116477,0.5660550894797728,0.6602215211594945,0.6917134488209846,0.7248871967827863,0.6886713556119215,0.6324361175651534,0.6921017006616212,0.6906984934114545,0.6755358364129922
0.1325079149982209,0.5068391121915046,0.5417292831237566,0.677997580428241,0.650168792722717,0.6631295618767064,0.7391614565712807,0.5767087841473001,0.6659016153975095,0.6555883630759892,0.7002559976319852
0.1136585576925956,0.5478249021818968,0.5584276150939906,0.6471901570490017,0.657253951744371,0.6698518144725212,0.7398584401788899,0.6484847644220579,0.665895824964043,0.6231058286228958,0.6527597188454665
0.1223340506035264,0.5561474295653526,0.5543257158988045,0.6854868126790308,0.6588953891342704,0.7042273312489544,0.7544058596045591,0.6921677051308773,0.6504355951855255,0.6512812144081492,0.6283437339583008
0.1164581743644918,0.5718857595502299,0.575820828882303,0.6912372442822026,0.6722190837730577,0.7217562030344145,0.760029723155246,0.7230945671632731,0.6458173848954177,0.6775346905552622,0.6816474784089923
0.1263504513728062,0.5270123011891954,0.5396418105500813,0.6634416311342438,0.665580285974342,0.7528952701360647,0.6850457827458848,0.7079989140066846,0.670030478328017,0.6873105311745913,0.6547659770637234
0.1476150748222521,0.5628057226169936,0.5283830466035658,0.6947125329673706,0.6885984413732097,0.6699723820257666,0.7188114941576129,0.7232504303716287,0.7018933070224984,0.6985200681175796,0.6850328918047137
0.1408368256983111,0.5248859636676887,0.5163085052377829,0.702068637918372,0.7072922502428729,0.6980011367897369,0.7478497292784214,0.7328492024338846,0.7318393388926923,0.6896913229691957,0.6976320104118837
0.1272648125581739,0.5337626931605508,0.5291003123245426,0.6634414529815853,0.6730507036541057,0.7440893338057611,0.7345788130312789,0.7105566377478649,0.7004972337275988,0.7128191240988913,0.709662765964056
0.1278561287705941,0.4912668480058298,0.5615217103267612,0.7193006569726705,0.6775325687916594,0.6655737112457161,0.7629820368465361,0.7193376018728219,0.6838607234165477,0.7163321831788616,0.6378190788236817
0.1311014921140009,0.4722414315769601,0.5717306949450573,0.7084112013380455,0.6660399448684765,0.6915154272901038,0.7559575927985176,0.7297072709617478,0.7128315240972893,0.6939575754351228,0.6666792223133224
0.0958902761539075,0.4723001691571185,0.5582930843100963,0.7285280804054288,0.6941505345547654,0.7036221542410267,0.7609062177577695,0.7210658725625773,0.7178071519952415,0.6980674646623075,0.6809356486027893
0.1202283884238193,0.4484110411265807,0.576566129394628,0.7029988761376128,0.7001724105525265,0.7423616262411297,0.7763478806793376,0.7170900830740707,0.7109776160032234,0.69977495446937,0.6414381931449722
0.1204961415747127,0.4514696346068174,0.5617559942252502,0.7168839584055271,0.659871104519023,0.7540063681222502,0.7149730816013713,0.6912614867437409,0.718887223939082,0.6836135348214614,0.661070929882793
0.0655912080044871,0.482831111511242,0.6043637366033047,0.6793664871913739,0.7068058892692126,0.7355671262972039,0.7506846652547976,0.7054746041047266,0.6872589839598969,0.7188589442378115,0.6761792422841835
